order_id,customer_id,product_id,order_date,quantity,price,total_amount,profit
ORD-11121,1,1,2023-01-02,3,99.43,298.29,124.92
ORD-11244,2,2,2023-01-02,4,97.93,313.38,83.62
ORD-10325,3,3,2023-01-03,2,10.74,21.48,3.69
ORD-10467,4,4,2023-01-03,2,61.86,105.16,26.32
ORD-11454,5,5,2023-01-05,4,330.67,1058.14,253.44
ORD-11746,6,6,2023-01-05,1,61.93,55.74,12.7
ORD-11162,7,7,2023-01-06,2,15.03,28.56,8.44
ORD-11271,8,8,2023-01-06,2,33.91,61.04,9.36
ORD-11702,9,5,2023-01-06,2,334.11,634.81,221.96
ORD-10847,10,10,2023-01-07,1,58.77,55.83,8.54
ORD-10446,11,11,2023-01-08,2,38.91,66.15,12.99
ORD-11499,12,12,2023-01-08,3,7.8,21.06,-2.08
ORD-10271,13,4,2023-01-09,1,48.73,43.86,8.95
ORD-11356,14,14,2023-01-12,1,59.48,59.48,18.32
ORD-10793,15,15,2023-01-13,1,15.82,15.82,-0.46
ORD-11330,16,16,2023-01-13,3,51.92,109.03,17.76
ORD-11886,17,17,2023-01-13,3,358.6,914.43,254.21
ORD-10339,18,18,2023-01-14,2,446.8,848.92,299.17
ORD-10402,19,10,2023-01-14,6,96.58,579.48,221.57
ORD-10560,20,20,2023-01-14,1,27.9,26.5,3.62
ORD-10686,21,21,2023-01-15,5,9.91,37.16,-5.87
ORD-11718,22,20,2023-01-15,2,47.0,84.6,22.77
ORD-10736,23,23,2023-01-17,2,32.91,65.82,22.07
ORD-10846,24,24,2023-01-17,2,11.41,21.68,-3.85
ORD-11128,25,5,2023-01-18,5,333.59,1501.15,491.36
ORD-10279,26,26,2023-01-20,7,10.6,59.36,7.71
ORD-10344,27,27,2023-01-20,2,67.38,128.02,36.16
ORD-10589,28,28,2023-01-20,4,121.25,485.0,199.72
ORD-11029,29,21,2023-01-20,4,19.92,79.68,27.81
ORD-11026,30,23,2023-01-22,3,34.98,99.69,27.3
ORD-10968,31,27,2023-01-23,4,37.18,141.28,39.77
ORD-11723,32,32,2023-01-23,1,8.54,7.26,-4.55
ORD-10408,33,12,2023-01-24,2,8.53,16.21,-0.77
ORD-11828,34,34,2023-01-24,4,57.87,185.18,55.56
ORD-11035,35,21,2023-01-25,8,15.41,110.95,33.57
ORD-10599,36,2,2023-01-26,1,167.57,159.19,60.82
ORD-10780,37,18,2023-01-27,2,212.13,424.26,154.98
ORD-10636,38,38,2023-01-28,5,9.02,38.33,0.34
ORD-10694,39,4,2023-01-28,3,55.78,167.34,65.92
ORD-10711,40,7,2023-01-28,5,10.25,51.25,9.3
ORD-10383,41,34,2023-01-29,1,54.25,54.25,15.54
ORD-10435,42,32,2023-01-30,4,16.61,63.12,24.82
ORD-10017,43,43,2023-01-31,3,18.32,54.96,14.57
ORD-11220,44,44,2023-01-31,4,53.6,214.4,98.68
ORD-11237,45,17,2023-01-31,4,429.23,1631.07,588.72
ORD-11655,46,46,2023-01-31,2,28.99,52.18,7.59
ORD-11858,47,3,2023-01-31,3,8.65,24.65,-4.07
ORD-10787,48,48,2023-02-01,3,19.94,59.82,18.31
ORD-10950,49,4,2023-02-02,6,32.72,186.5,68.41
ORD-10374,50,34,2023-02-03,12,25.43,289.9,113.76
ORD-10745,51,5,2023-02-03,4,274.83,989.39,319.52
ORD-11670,52,27,2023-02-03,1,60.16,51.14,4.19
ORD-11158,53,26,2023-02-04,10,8.37,71.14,9.29
ORD-11430,54,12,2023-02-04,1,4.78,4.3,-9.69
ORD-11760,55,4,2023-02-04,7,79.23,471.42,146.54
ORD-10720,56,6,2023-02-05,1,188.93,179.48,56.92
ORD-11218,57,16,2023-02-05,10,138.7,1178.95,468.09
ORD-10384,58,58,2023-02-07,1,8.96,8.96,-6.6
ORD-11503,59,59,2023-02-07,2,173.37,346.74,145.14
ORD-11711,60,59,2023-02-07,1,63.94,57.55,15.52
ORD-10098,61,4,2023-02-08,3,64.55,174.28,54.76
ORD-10314,62,32,2023-02-08,5,14.53,69.02,24.46
ORD-10322,63,12,2023-02-08,1,9.63,8.67,-6.1
ORD-11507,64,6,2023-02-09,4,118.02,472.08,180.93
ORD-11683,65,10,2023-02-09,9,126.93,1142.37,433.81
ORD-10642,66,5,2023-02-10,8,289.71,2085.91,678.86
ORD-11011,67,14,2023-02-10,2,81.58,138.69,45.31
ORD-11270,68,28,2023-02-10,9,111.98,957.43,378.75
ORD-11659,69,11,2023-02-10,3,45.99,137.97,56.3
ORD-10256,70,12,2023-02-11,3,4.96,13.39,-0.4
ORD-10527,71,14,2023-02-12,8,80.13,480.78,142.09
ORD-11082,72,20,2023-02-12,1,43.57,41.39,9.54
ORD-10473,73,59,2023-02-15,2,143.15,271.99,105.94
ORD-11304,74,10,2023-02-15,8,126.81,913.03,282.29
ORD-11560,75,4,2023-02-16,1,48.95,48.95,9.71
ORD-11196,76,76,2023-02-17,2,47.62,90.48,25.04
ORD-11355,77,1,2023-02-17,1,238.37,202.61,60.48
ORD-11569,78,44,2023-02-17,5,39.22,176.49,60.74
ORD-10916,79,16,2023-02-18,2,72.23,115.57,30.26
ORD-10837,80,80,2023-02-19,3,35.6,101.46,33.03
ORD-10855,81,24,2023-02-19,5,4.37,18.57,-2.54
ORD-11065,82,43,2023-02-19,2,20.92,41.84,10.32
ORD-11922,83,80,2023-02-20,4,54.4,206.72,90.39
ORD-10594,84,23,2023-02-21,8,72.89,583.12,248.13
ORD-11419,85,85,2023-02-21,6,54.39,326.34,113.2
ORD-11624,86,18,2023-02-21,6,472.56,2835.36,1115.05
ORD-11855,87,59,2023-02-21,1,133.63,133.63,50.19
ORD-10843,88,48,2023-02-22,2,32.06,64.12,21.03
ORD-11306,89,89,2023-02-22,4,36.01,122.43,32.77
ORD-10392,90,12,2023-02-23,4,7.24,26.06,4.18
ORD-11302,91,89,2023-02-23,3,60.99,182.97,70.31
ORD-11205,92,3,2023-02-24,6,7.14,42.84,10.97
ORD-10892,93,24,2023-02-25,2,8.06,13.7,-3.99
ORD-11175,94,14,2023-02-25,2,31.71,60.25,17.91
ORD-11598,95,10,2023-02-26,6,82.3,493.8,185.09
ORD-10113,96,4,2023-02-27,1,77.48,77.48,27.71
ORD-10646,97,12,2023-02-27,9,7.24,65.16,16.89
ORD-11378,98,38,2023-02-27,12,5.63,64.18,2.52
ORD-11900,99,43,2023-02-27,2,26.25,47.25,14.73
ORD-11523,100,59,2023-03-01,2,135.29,270.58,111.69
ORD-10233,101,85,2023-03-02,1,24.66,24.66,-1.41
ORD-10605,102,2,2023-03-02,4,165.1,627.38,248.72
ORD-10907,103,32,2023-03-02,2,11.57,17.36,-1.14
ORD-11202,104,104,2023-03-02,1,113.52,102.17,26.71
ORD-11294,105,21,2023-03-02,4,9.18,29.38,0.26
ORD-11673,106,1,2023-03-02,2,201.32,402.64,167.47
ORD-11217,107,2,2023-03-04,9,90.24,730.94,265.39
ORD-10246,108,32,2023-03-05,1,18.57,18.57,0.3
ORD-11135,109,109,2023-03-06,3,29.57,79.84,24.6
ORD-10620,110,7,2023-03-07,1,11.17,8.94,-6.16
ORD-11279,111,15,2023-03-07,8,20.92,167.36,73.08
ORD-10124,112,21,2023-03-08,5,11.95,53.77,12.09
ORD-10242,113,10,2023-03-08,3,59.88,143.71,26.59
ORD-10915,114,27,2023-03-08,6,99.69,598.14,221.25
ORD-11632,115,18,2023-03-08,1,354.67,336.94,111.73
ORD-11184,116,7,2023-03-09,4,22.67,90.68,35.55
ORD-10874,117,3,2023-03-10,4,5.48,20.82,-1.04
ORD-11668,118,2,2023-03-10,8,107.75,775.8,286.77
ORD-11260,119,3,2023-03-11,1,11.11,11.11,-2.0
ORD-10953,120,23,2023-03-12,2,27.32,49.18,9.03
ORD-10521,121,7,2023-03-13,5,19.74,98.7,37.26
ORD-11545,122,14,2023-03-13,3,70.31,210.93,90.0
ORD-10070,123,28,2023-03-15,5,149.77,673.97,247.62
ORD-11006,124,2,2023-03-15,2,54.94,109.88,40.68
ORD-10744,125,109,2023-03-16,5,61.18,275.31,107.7
ORD-10861,126,3,2023-03-16,2,14.59,29.18,3.8
ORD-10676,127,2,2023-03-17,3,174.46,523.38,220.87
ORD-11064,128,109,2023-03-18,1,28.85,24.52,-0.72
ORD-11786,129,17,2023-03-18,3,323.91,825.97,233.58
ORD-10637,130,130,2023-03-19,2,11.39,22.78,3.96
ORD-10863,131,27,2023-03-21,5,64.1,304.47,94.68
ORD-11917,132,26,2023-03-22,2,6.29,12.58,-0.3
ORD-10020,133,10,2023-03-23,2,90.87,181.74,58.02
ORD-11090,134,17,2023-03-23,12,334.56,3813.98,1370.08
ORD-11712,135,27,2023-03-23,4,68.83,275.32,90.35
ORD-10887,136,58,2023-03-24,2,10.37,20.74,-1.94
ORD-11156,137,44,2023-03-25,2,52.89,105.78,46.62
ORD-11633,138,85,2023-03-25,11,30.48,335.28,104.15
ORD-10103,139,43,2023-03-26,3,24.22,69.03,23.83
ORD-10132,140,1,2023-03-26,5,239.45,1137.39,464.29
ORD-11007,141,141,2023-03-26,4,210.65,842.6,325.93
ORD-10395,142,20,2023-03-27,9,32.74,265.19,98.71
ORD-11318,143,16,2023-03-27,3,135.29,365.28,153.26
ORD-10252,144,109,2023-03-29,6,30.52,183.12,70.42
ORD-10450,145,59,2023-03-29,4,113.34,385.36,127.82
ORD-11088,146,7,2023-03-29,5,11.27,53.53,16.17
ORD-11452,147,12,2023-03-29,1,5.67,4.82,-3.68
ORD-11478,148,28,2023-03-29,1,116.12,104.51,30.46
ORD-11231,149,28,2023-03-30,1,85.63,81.35,25.39
ORD-11479,150,141,2023-03-31,1,199.74,159.79,30.28
ORD-10821,151,23,2023-04-01,2,34.22,68.44,21.58
ORD-11766,152,44,2023-04-01,3,37.69,79.15,15.28
ORD-11000,153,44,2023-04-02,1,42.86,40.72,7.15
ORD-11002,154,48,2023-04-02,4,24.85,84.49,14.44
ORD-11631,155,5,2023-04-02,6,241.26,1447.56,564.46
ORD-11784,156,27,2023-04-02,1,67.62,67.62,15.42
ORD-10578,157,18,2023-04-03,1,268.98,268.98,99.03
ORD-10306,158,38,2023-04-04,3,9.65,27.5,3.85
ORD-10532,159,59,2023-04-04,2,139.15,264.38,98.83
ORD-10903,160,26,2023-04-04,2,15.49,27.88,7.87
ORD-11253,161,48,2023-04-04,6,25.63,130.71,28.41
ORD-11610,162,32,2023-04-04,1,13.0,12.35,0.69
ORD-10071,163,18,2023-04-05,2,252.68,505.36,194.02
ORD-10207,164,89,2023-04-05,8,20.81,166.48,54.62
ORD-11995,165,3,2023-04-05,2,12.65,21.5,-2.21
ORD-10176,166,34,2023-04-06,3,83.46,250.38,109.12
ORD-11066,167,8,2023-04-07,3,57.89,164.99,59.99
ORD-11988,168,2,2023-04-07,1,133.59,133.59,47.64
ORD-10274,169,3,2023-04-09,1,9.89,9.4,-5.95
ORD-10840,170,15,2023-04-09,6,17.86,101.8,41.71
ORD-11333,171,85,2023-04-09,4,58.82,211.75,57.46
ORD-11079,172,8,2023-04-10,3,63.4,152.16,35.29
ORD-11868,173,2,2023-04-10,1,133.59,120.23,40.28
ORD-11664,174,104,2023-04-13,2,244.78,440.6,137.04
ORD-11912,175,21,2023-04-13,4,13.89,55.56,12.3
ORD-11921,176,24,2023-04-14,2,4.54,9.08,-8.78
ORD-10551,177,5,2023-04-15,4,257.6,772.8,134.77
ORD-10091,178,14,2023-04-16,1,55.0,52.25,14.94
ORD-10434,179,12,2023-04-16,4,8.66,32.91,5.66
ORD-11552,180,28,2023-04-16,2,94.43,169.97,59.24
ORD-10330,181,1,2023-04-17,6,209.9,1196.43,486.56
ORD-10769,182,1,2023-04-18,9,67.71,609.39,252.8
ORD-10427,183,59,2023-04-19,2,171.32,291.24,93.33
ORD-11810,184,1,2023-04-19,3,82.93,199.03,49.84
ORD-11212,185,4,2023-04-20,4,57.09,194.11,57.13
ORD-10667,186,34,2023-04-21,1,54.74,54.74,16.48
ORD-11292,187,141,2023-04-21,10,136.46,1159.91,323.4
ORD-11731,188,17,2023-04-21,2,308.79,617.58,239.82
ORD-11224,189,6,2023-04-22,3,180.81,433.94,90.28
ORD-10468,190,85,2023-04-23,1,54.96,49.46,5.74
ORD-11700,191,141,2023-04-24,1,137.26,123.53,32.7
ORD-10377,192,20,2023-04-25,6,30.66,165.56,51.17
ORD-11553,193,80,2023-04-25,1,46.16,43.85,9.69
ORD-11888,194,34,2023-04-25,4,45.58,173.2,69.84
ORD-10102,195,5,2023-04-26,2,177.6,355.2,128.75
ORD-11008,196,6,2023-04-26,3,192.55,577.65,220.8
ORD-11204,197,48,2023-04-29,1,17.84,16.95,-3.9
ORD-10826,198,38,2023-04-30,4,8.59,32.64,5.67
ORD-11363,199,48,2023-05-01,1,29.87,29.87,7.01
ORD-10202,200,15,2023-05-02,3,12.78,36.42,4.45
ORD-10462,201,8,2023-05-03,3,71.84,215.52,88.42
ORD-11586,202,21,2023-05-04,2,6.24,9.98,-8.87
ORD-10703,203,24,2023-05-05,2,12.15,21.87,1.46
ORD-10828,204,34,2023-05-05,1,88.39,75.13,19.73
ORD-10652,205,1,2023-05-06,5,181.39,906.95,394.52
ORD-11385,206,32,2023-05-06,1,16.13,13.71,0.33
ORD-11895,207,8,2023-05-06,2,44.17,83.92,29.03
ORD-10143,208,15,2023-05-08,2,11.52,19.58,-2.89
ORD-10853,209,15,2023-05-10,3,11.58,24.32,-4.84
ORD-10452,210,44,2023-05-11,3,25.71,65.56,18.12
ORD-11484,211,46,2023-05-11,3,47.53,121.2,35.6
ORD-10623,212,14,2023-05-12,3,94.61,227.06,68.37
ORD-11458,213,141,2023-05-12,2,248.9,398.24,91.33
ORD-10609,214,23,2023-05-13,4,62.57,225.25,72.61
ORD-11288,215,10,2023-05-13,15,100.94,1438.39,500.67
ORD-10607,216,46,2023-05-14,1,55.77,52.98,11.06
ORD-10105,217,27,2023-05-15,2,77.49,131.73,26.11
ORD-11298,218,6,2023-05-15,4,65.92,250.5,78.83
ORD-11682,219,104,2023-05-15,1,121.55,91.16,11.63
ORD-10411,220,34,2023-05-16,2,79.65,143.37,53.58
ORD-11776,221,5,2023-05-16,3,180.1,486.27,153.78
ORD-11788,222,6,2023-05-16,3,145.84,371.89,94.84
ORD-11227,223,12,2023-05-17,9,3.16,25.6,-5.43
ORD-10941,224,32,2023-05-18,3,8.2,24.6,6.08
ORD-11045,225,141,2023-05-18,2,214.52,429.04,156.23
ORD-11149,226,43,2023-05-18,8,43.71,297.23,100.47
ORD-11329,227,5,2023-05-18,2,119.77,179.66,25.57
ORD-11394,228,104,2023-05-18,1,217.82,163.37,20.22
ORD-11435,229,104,2023-05-18,2,295.24,590.48,227.12
ORD-10336,230,141,2023-05-19,1,195.08,185.33,58.87
ORD-11513,231,11,2023-05-20,5,26.84,134.2,49.9
ORD-11762,232,48,2023-05-22,5,15.48,69.66,7.35
ORD-10562,233,4,2023-05-23,5,54.1,256.97,96.77
ORD-10710,234,23,2023-05-23,8,37.26,238.46,59.92
ORD-11740,235,15,2023-05-25,4,10.54,35.84,6.0
ORD-10422,236,15,2023-05-26,3,15.84,45.14,15.8
ORD-11834,237,14,2023-05-29,2,33.16,66.32,21.78
ORD-10942,238,3,2023-05-30,3,14.0,35.7,0.33
ORD-10129,239,27,2023-06-01,7,54.12,322.01,77.25
ORD-10722,240,10,2023-06-01,1,118.34,112.42,33.76
ORD-10845,241,21,2023-06-01,1,20.28,20.28,2.24
ORD-10937,242,104,2023-06-01,7,263.11,1657.59,535.99
ORD-11401,243,104,2023-06-01,1,271.69,217.35,43.68
ORD-10069,244,76,2023-06-03,4,43.62,148.31,27.81
ORD-10025,245,80,2023-06-04,6,36.82,198.83,74.59
ORD-11268,246,24,2023-06-04,1,10.08,8.57,-4.12
ORD-11962,247,130,2023-06-04,3,6.18,15.76,-1.76
ORD-10979,248,8,2023-06-05,8,64.14,436.15,131.29
ORD-10816,249,89,2023-06-06,1,29.03,27.58,0.8
ORD-11468,250,38,2023-06-06,1,6.69,6.69,-6.88
ORD-11539,251,8,2023-06-06,4,59.29,189.73,45.7
ORD-11609,252,11,2023-06-06,1,31.48,29.91,1.93
ORD-11707,253,32,2023-06-06,3,7.93,23.79,-0.93
ORD-10177,254,48,2023-06-07,6,24.62,140.33,34.32
ORD-10817,255,59,2023-06-07,4,72.94,233.41,56.76
ORD-11080,256,89,2023-06-07,2,32.45,58.41,14.09
ORD-10376,257,130,2023-06-08,6,5.73,29.22,-5.16
ORD-10726,258,11,2023-06-08,4,38.87,147.71,55.93
ORD-11103,259,3,2023-06-08,2,6.85,13.7,0.12
ORD-10727,260,85,2023-06-09,2,16.26,30.89,5.12
ORD-10772,261,89,2023-06-09,1,23.01,21.86,-3.94
ORD-11060,262,7,2023-06-09,4,22.5,76.5,15.43
ORD-11322,263,18,2023-06-10,3,229.47,585.15,162.27
ORD-10146,264,17,2023-06-11,5,336.47,1682.35,657.16
ORD-11048,265,6,2023-06-11,2,122.54,245.08,86.25
ORD-11155,266,28,2023-06-11,5,88.03,374.13,115.42
ORD-11376,267,85,2023-06-11,4,24.66,98.64,23.43
ORD-11535,268,4,2023-06-11,3,60.58,163.57,53.86
ORD-10114,269,2,2023-06-12,3,158.55,404.3,131.02
ORD-11031,270,27,2023-06-12,6,43.48,221.75,51.28
ORD-11133,271,8,2023-06-12,15,33.12,496.8,185.38
ORD-10349,272,23,2023-06-13,1,30.15,25.63,2.45
ORD-11733,273,15,2023-06-13,3,18.83,50.84,14.46
ORD-10358,274,80,2023-06-14,5,17.24,86.2,26.9
ORD-11932,275,12,2023-06-14,1,6.68,5.68,-5.55
ORD-10042,276,27,2023-06-17,9,33.65,287.71,89.26
ORD-10569,277,23,2023-06-17,3,69.43,197.88,72.6
ORD-11665,278,17,2023-06-18,10,398.27,3783.56,1373.63
ORD-10876,279,5,2023-06-19,4,114.01,456.04,168.64
ORD-11258,280,109,2023-06-19,1,79.09,63.27,13.22
ORD-11375,281,26,2023-06-19,2,12.13,20.62,-2.56
ORD-10546,282,76,2023-06-20,4,42.27,143.72,25.67
ORD-10860,283,48,2023-06-21,3,48.52,123.73,30.61
ORD-11307,284,58,2023-06-22,4,27.6,99.36,30.83
ORD-10182,142,15,2023-06-23,11,23.39,231.56,101.55
ORD-10674,286,58,2023-06-23,10,14.57,138.41,30.02
ORD-11336,287,104,2023-06-23,1,250.47,237.95,76.89
ORD-10712,288,89,2023-06-24,7,57.98,344.98,104.96
ORD-10788,289,26,2023-06-26,1,19.94,17.95,-2.68
ORD-10212,290,80,2023-06-27,3,45.1,121.77,39.84
ORD-11068,291,26,2023-06-27,2,10.66,19.19,-1.41
ORD-11653,292,43,2023-06-27,1,26.53,26.53,-0.16
ORD-11771,293,27,2023-06-27,5,94.63,473.15,170.35
ORD-10480,294,109,2023-06-28,2,30.06,54.11,12.28
ORD-10700,295,80,2023-06-28,3,40.18,120.54,47.96
ORD-10661,296,4,2023-06-29,9,74.43,602.88,222.86
ORD-10747,297,44,2023-06-29,1,24.48,19.58,-2.37
ORD-10432,298,8,2023-07-01,3,62.62,169.07,53.57
ORD-10483,299,28,2023-07-01,3,97.31,262.74,87.15
ORD-10792,300,32,2023-07-01,5,18.79,84.55,27.04
ORD-11387,301,17,2023-07-01,1,192.58,154.06,26.45
ORD-11564,302,44,2023-07-01,3,48.59,123.9,41.12
ORD-10381,303,23,2023-07-03,2,46.18,87.74,24.56
ORD-11603,304,5,2023-07-03,7,309.68,1734.21,413.61
ORD-11019,305,85,2023-07-04,1,24.14,24.14,-3.52
ORD-10977,306,21,2023-07-05,4,15.95,54.23,16.9
ORD-10008,307,38,2023-07-06,1,6.99,6.29,-3.55
ORD-11100,308,32,2023-07-06,2,19.72,35.5,11.37
ORD-11464,309,6,2023-07-06,4,194.07,776.28,299.09
ORD-11562,310,23,2023-07-06,2,52.02,88.43,24.07
ORD-10083,311,32,2023-07-07,1,19.62,18.64,-2.67
ORD-10112,312,43,2023-07-07,7,43.03,240.97,74.05
ORD-11077,313,8,2023-07-08,5,50.01,250.05,93.18
ORD-10003,314,85,2023-07-09,3,53.14,135.51,24.98
ORD-10024,315,12,2023-07-09,2,3.31,6.62,-11.28
ORD-10404,316,21,2023-07-10,2,11.9,23.8,3.38
ORD-11154,317,58,2023-07-10,6,21.26,121.18,48.26
ORD-11859,318,109,2023-07-10,1,59.16,53.24,17.06
ORD-10107,319,3,2023-07-11,1,10.59,10.06,-6.11
ORD-11182,320,4,2023-07-11,6,62.93,377.58,156.02
ORD-11380,321,20,2023-07-12,4,54.62,218.48,97.88
ORD-10015,322,23,2023-07-13,2,42.71,68.34,9.14
ORD-10545,323,10,2023-07-13,2,113.15,203.67,56.82
ORD-10961,324,89,2023-07-13,1,61.5,52.27,7.7
ORD-10511,325,12,2023-07-14,5,3.47,16.48,-4.93
ORD-11806,326,18,2023-07-14,5,394.43,1873.54,678.15
ORD-10283,327,141,2023-07-15,4,161.93,582.95,184.13
ORD-10625,328,18,2023-07-15,7,233.89,1637.23,633.6
ORD-11098,329,109,2023-07-16,7,30.7,193.41,75.32
ORD-11395,330,80,2023-07-16,5,21.72,108.6,44.26
ORD-10090,331,21,2023-07-17,3,18.99,51.27,15.76
ORD-10904,332,1,2023-07-18,1,190.35,171.31,55.66
ORD-10266,333,76,2023-07-19,3,64.89,146.0,13.02
ORD-10424,334,80,2023-07-19,2,27.32,49.18,11.12
ORD-11061,335,2,2023-07-19,10,133.95,1205.55,447.36
ORD-11808,336,23,2023-07-19,2,56.54,107.43,37.92
ORD-10326,337,76,2023-07-20,1,51.24,40.99,2.18
ORD-11349,338,2,2023-07-20,13,145.33,1794.83,719.68
ORD-10681,339,80,2023-07-22,5,27.72,131.67,46.81
ORD-10996,340,44,2023-07-22,2,53.18,101.04,34.56
ORD-11167,341,59,2023-07-22,5,167.91,839.55,362.63
ORD-11391,342,32,2023-07-22,1,16.43,15.61,-3.1
ORD-10949,343,76,2023-07-24,2,71.01,120.72,22.31
ORD-11494,344,34,2023-07-25,1,41.08,41.08,8.83
ORD-10240,345,85,2023-07-26,1,21.14,16.91,-7.85
ORD-10945,346,48,2023-07-26,1,52.78,52.78,17.55
ORD-11589,347,32,2023-07-27,1,13.41,12.07,-6.52
ORD-11824,348,27,2023-07-27,4,75.9,303.6,106.48
ORD-10045,349,12,2023-07-28,3,8.95,26.85,-3.63
ORD-11229,350,46,2023-07-28,1,20.02,17.02,-4.97
ORD-11934,351,26,2023-07-28,1,10.76,9.68,-1.44
ORD-10001,352,15,2023-07-29,2,9.48,18.96,3.56
ORD-11199,353,48,2023-07-29,3,33.19,84.63,18.63
ORD-11680,354,76,2023-07-30,3,73.54,187.53,41.81
ORD-10755,355,48,2023-07-31,1,19.91,18.91,-1.9
ORD-11247,356,6,2023-07-31,4,96.5,308.8,62.71
ORD-10225,357,2,2023-08-01,10,104.58,732.06,142.02
ORD-10281,358,10,2023-08-01,3,83.44,225.29,59.93
ORD-10980,359,34,2023-08-01,10,64.87,616.26,277.41
ORD-11339,360,104,2023-08-01,3,182.51,520.15,182.73
ORD-10459,361,15,2023-08-02,5,10.99,52.2,14.81
ORD-10885,362,7,2023-08-03,3,10.7,30.49,4.13
ORD-10680,363,38,2023-08-04,5,7.28,34.58,-2.51
ORD-11530,364,10,2023-08-04,2,44.23,79.61,12.83
ORD-11642,365,1,2023-08-04,2,151.07,226.6,52.58
ORD-10228,366,89,2023-08-05,1,35.7,32.13,1.46
ORD-10254,367,38,2023-08-05,7,15.21,85.18,12.48
ORD-10418,368,5,2023-08-05,1,206.62,185.96,50.3
ORD-10842,369,34,2023-08-06,1,34.17,29.04,-0.06
ORD-11769,370,26,2023-08-06,5,9.43,44.79,1.15
ORD-11929,371,4,2023-08-06,3,67.35,202.05,78.48
ORD-11501,372,34,2023-08-07,3,75.47,215.09,91.48
ORD-10363,373,2,2023-08-08,3,91.18,246.19,87.16
ORD-10496,374,4,2023-08-08,2,88.88,159.98,54.58
ORD-11960,375,104,2023-08-08,3,120.89,290.14,58.42
ORD-10838,376,16,2023-08-09,8,48.11,307.9,89.89
ORD-11909,377,10,2023-08-10,5,79.11,356.0,102.62
ORD-10030,378,21,2023-08-11,2,17.66,30.02,1.08
ORD-11169,379,3,2023-08-11,5,7.76,34.92,1.67
ORD-11178,380,6,2023-08-11,3,97.26,262.6,76.97
ORD-10651,381,80,2023-08-12,1,18.19,18.19,-0.54
ORD-10737,382,8,2023-08-12,8,75.46,513.13,164.92
ORD-10952,383,7,2023-08-13,2,16.46,29.63,1.18
ORD-11481,384,76,2023-08-13,1,55.59,52.81,13.35
ORD-10852,385,14,2023-08-14,1,78.86,70.97,24.14
ORD-11667,386,59,2023-08-14,1,89.29,84.83,26.54
ORD-10277,387,11,2023-08-15,1,22.46,21.34,3.16
ORD-10356,388,32,2023-08-15,4,12.89,48.98,16.21
ORD-10367,389,8,2023-08-15,9,27.41,246.69,98.95
ORD-10558,390,14,2023-08-16,6,78.77,472.62,216.56
ORD-11332,391,16,2023-08-16,1,62.43,56.19,17.7
ORD-11526,392,16,2023-08-16,1,59.71,50.75,9.46
ORD-11846,393,16,2023-08-16,2,148.55,267.39,104.0
ORD-10917,394,21,2023-08-17,2,12.61,18.91,-1.62
ORD-11070,395,58,2023-08-18,1,8.92,8.92,-2.91
ORD-11557,396,44,2023-08-18,3,48.47,116.33,32.72
ORD-10783,397,59,2023-08-19,1,156.51,109.56,10.27
ORD-10954,398,11,2023-08-19,6,64.17,346.52,144.4
ORD-11085,399,76,2023-08-19,1,57.21,48.63,6.53
ORD-11684,400,3,2023-08-19,1,14.44,13.72,0.94
ORD-10820,401,1,2023-08-22,3,100.41,286.17,104.2
ORD-11293,402,7,2023-08-22,2,8.3,15.77,-7.14
ORD-11529,403,32,2023-08-22,12,10.19,110.05,29.09
ORD-10009,404,15,2023-08-23,5,20.76,98.61,37.46
ORD-10301,405,130,2023-08-23,4,6.4,20.48,-4.99
ORD-10738,406,1,2023-08-23,9,156.74,1410.66,619.46
ORD-11681,407,10,2023-08-23,2,127.96,255.92,89.58
ORD-11234,408,80,2023-08-24,14,36.74,488.64,203.98
ORD-10023,409,58,2023-08-25,2,11.42,22.84,-1.95
ORD-11515,410,20,2023-08-25,4,37.02,133.27,49.79
ORD-11537,411,28,2023-08-25,9,82.15,665.42,237.4
ORD-10550,412,46,2023-08-27,2,53.25,101.17,34.52
ORD-10927,413,17,2023-08-27,3,185.14,527.65,184.98
ORD-11657,414,43,2023-08-27,3,29.47,79.57,20.53
ORD-10201,415,24,2023-08-29,5,6.31,28.39,-7.92
ORD-10457,416,44,2023-08-29,6,50.95,229.28,58.34
ORD-10219,417,7,2023-08-30,2,13.7,26.03,2.65
ORD-10571,418,130,2023-08-30,5,8.73,34.92,2.09
ORD-10688,419,89,2023-08-30,1,34.68,31.21,1.5
ORD-11628,420,43,2023-08-30,1,25.23,17.66,-1.58
ORD-10153,421,6,2023-08-31,3,116.76,280.22,55.33
ORD-10320,422,3,2023-08-31,4,13.92,52.9,17.01
ORD-11328,423,28,2023-08-31,5,76.29,362.38,133.44
ORD-11379,424,4,2023-08-31,1,37.56,35.68,9.43
ORD-11780,425,48,2023-08-31,3,20.28,60.84,11.55
ORD-11483,426,26,2023-09-01,4,9.05,36.2,9.78
ORD-11717,427,23,2023-09-02,13,26.62,294.15,72.84
ORD-11161,428,43,2023-09-03,1,17.03,12.77,-2.74
ORD-11422,429,10,2023-09-03,10,67.1,603.9,186.83
ORD-11685,430,6,2023-09-03,2,199.2,358.56,109.99
ORD-10341,431,130,2023-09-04,1,7.16,6.44,-7.04
ORD-10872,432,3,2023-09-04,1,12.17,10.34,-6.35
ORD-11441,433,21,2023-09-05,5,19.47,92.48,37.39
ORD-11906,434,58,2023-09-05,2,14.43,25.97,1.62
ORD-10447,435,21,2023-09-06,2,11.34,22.68,-1.52
ORD-11532,436,2,2023-09-06,1,152.34,144.72,53.71
ORD-11533,437,23,2023-09-06,1,27.11,25.75,-2.31
ORD-11601,438,18,2023-09-06,2,426.27,767.29,243.24
ORD-11867,439,14,2023-09-06,1,42.55,40.42,11.77
ORD-11030,440,46,2023-09-07,5,28.98,144.9,52.78
ORD-11191,441,34,2023-09-08,1,79.27,71.34,25.15
ORD-11520,442,76,2023-09-08,6,47.47,284.82,102.0
ORD-11840,443,12,2023-09-08,4,4.19,16.76,-4.05
ORD-10500,444,23,2023-09-09,2,61.26,110.27,28.55
ORD-11461,445,3,2023-09-09,2,13.62,23.15,3.14
ORD-10713,446,1,2023-09-10,2,66.08,118.94,36.9
ORD-10908,447,2,2023-09-10,1,77.47,77.47,25.63
ORD-11544,448,141,2023-09-10,10,83.62,668.96,136.04
ORD-10399,449,89,2023-09-11,1,51.7,46.53,7.14
ORD-10576,450,38,2023-09-11,4,7.5,27.0,2.08
ORD-11991,451,28,2023-09-11,1,149.93,134.94,42.69
ORD-11518,452,104,2023-09-13,5,107.46,456.7,124.42
ORD-11795,453,76,2023-09-14,14,61.54,603.09,52.57
ORD-11323,454,48,2023-09-15,2,25.4,50.8,9.92
ORD-10752,455,10,2023-09-16,6,110.59,597.19,187.95
ORD-11390,456,89,2023-09-16,5,25.73,109.35,26.83
ORD-11884,457,3,2023-09-16,1,12.82,10.26,-2.49
ORD-11239,458,16,2023-09-17,5,133.6,501.0,152.58
ORD-11890,459,76,2023-09-17,7,67.53,449.07,143.04
ORD-11911,460,14,2023-09-18,2,36.08,50.51,1.62
ORD-10321,461,26,2023-09-19,3,7.89,20.12,2.09
ORD-10600,462,104,2023-09-19,4,197.76,751.49,261.2
ORD-10955,463,27,2023-09-20,4,55.59,200.12,49.88
ORD-10891,464,6,2023-09-21,2,115.98,231.96,79.08
ORD-10920,465,28,2023-09-21,2,137.32,260.91,96.46
ORD-10984,466,59,2023-09-21,3,153.34,460.02,190.55
ORD-10128,467,38,2023-09-23,2,5.85,9.94,-5.24
ORD-10298,468,28,2023-09-24,3,60.51,145.22,38.64
ORD-10442,469,10,2023-09-24,1,112.29,112.29,39.05
ORD-10231,470,23,2023-09-25,4,43.61,157.0,43.4
ORD-11813,471,46,2023-09-25,2,22.12,39.82,4.11
ORD-10063,472,11,2023-09-26,3,59.04,177.12,78.28
ORD-10343,473,43,2023-09-26,4,42.94,146.0,46.68
ORD-10554,474,109,2023-09-26,6,77.51,418.55,165.2
ORD-11643,475,8,2023-09-26,1,52.59,44.7,7.02
ORD-10085,476,2,2023-09-27,1,126.55,126.55,47.2
ORD-10210,477,141,2023-09-28,5,145.12,725.6,273.61
ORD-11745,478,34,2023-09-28,4,26.2,99.56,29.91
ORD-10574,479,15,2023-09-29,5,18.82,79.98,26.65
ORD-10881,480,104,2023-09-29,1,238.24,238.24,85.17
ORD-10926,481,18,2023-09-29,1,222.71,189.3,45.22
ORD-11699,482,48,2023-09-29,4,36.61,124.47,27.86
ORD-10635,483,85,2023-09-30,4,59.01,236.04,83.28
ORD-10137,484,20,2023-10-02,2,49.37,88.87,25.22
ORD-10196,485,141,2023-10-02,1,131.91,112.12,20.45
ORD-11561,486,4,2023-10-02,2,79.63,143.33,44.29
ORD-10421,487,17,2023-10-03,2,399.1,758.29,269.07
ORD-11651,488,18,2023-10-03,6,241.8,1378.26,485.71
ORD-10380,489,141,2023-10-04,4,162.94,619.17,212.18
ORD-11181,490,46,2023-10-04,1,44.26,44.26,7.6
ORD-11321,491,26,2023-10-04,4,6.82,25.92,3.75
ORD-11763,492,20,2023-10-04,3,59.55,178.65,74.65
ORD-10203,493,109,2023-10-05,13,74.96,779.58,272.54
ORD-10398,494,85,2023-10-05,1,35.29,31.76,3.66
ORD-10997,495,141,2023-10-05,4,129.8,467.28,145.74
ORD-11396,496,26,2023-10-05,1,6.83,6.83,-8.71
ORD-11837,497,17,2023-10-05,1,340.77,238.54,22.54
ORD-10525,498,2,2023-10-06,2,131.68,263.36,107.88
ORD-11453,499,24,2023-10-07,3,12.07,30.78,-3.2
ORD-10489,500,85,2023-10-08,2,50.05,75.07,2.36
ORD-10750,501,15,2023-10-08,3,21.94,62.53,15.66
ORD-10844,502,44,2023-10-08,5,68.42,307.89,125.12
ORD-11226,503,27,2023-10-08,5,85.91,408.07,130.59
ORD-11512,504,4,2023-10-08,1,43.09,36.63,5.63
ORD-10606,505,5,2023-10-09,1,184.6,175.37,53.37
ORD-11091,506,5,2023-10-09,11,272.86,2701.31,874.37
ORD-10561,507,109,2023-10-10,7,74.92,393.33,113.38
ORD-11357,508,104,2023-10-10,5,216.45,1082.25,416.67
ORD-11358,509,6,2023-10-10,3,82.78,235.92,73.35
ORD-11575,510,1,2023-10-10,4,211.07,802.07,329.99
ORD-11946,511,85,2023-10-10,1,19.95,19.95,1.09
ORD-10791,512,85,2023-10-11,4,37.67,135.61,29.37
ORD-11272,513,15,2023-10-11,3,24.08,72.24,31.06
ORD-11885,514,48,2023-10-11,2,19.41,33.0,4.17
ORD-11093,515,34,2023-10-13,4,37.35,134.46,46.34
ORD-10455,516,32,2023-10-14,2,18.53,31.5,-0.27
ORD-10568,517,15,2023-10-14,1,20.54,19.51,0.38
ORD-11137,518,48,2023-10-15,2,34.81,69.62,22.61
ORD-10417,519,34,2023-10-17,1,62.32,59.2,18.76
ORD-11216,520,3,2023-10-17,3,9.45,21.26,-6.45
ORD-11974,521,43,2023-10-17,2,34.22,68.44,24.61
ORD-11062,522,2,2023-10-18,4,65.64,196.92,33.17
ORD-11417,523,44,2023-10-18,3,38.42,115.26,39.53
ORD-11812,524,23,2023-10-18,1,46.22,39.29,3.33
ORD-10007,525,2,2023-10-20,3,146.85,396.49,139.12
ORD-10211,526,48,2023-10-20,4,15.34,55.22,4.69
ORD-11210,527,15,2023-10-20,2,22.13,33.2,4.82
ORD-11245,528,59,2023-10-20,5,68.15,272.6,73.01
ORD-11460,529,10,2023-10-20,1,129.24,103.39,19.89
ORD-11809,530,14,2023-10-20,1,82.52,66.02,15.12
ORD-10499,531,10,2023-10-21,5,127.98,511.92,114.79
ORD-10579,532,8,2023-10-22,9,33.48,271.19,92.9
ORD-11652,533,7,2023-10-22,1,20.53,20.53,5.05
ORD-11261,534,141,2023-10-23,7,151.92,903.92,242.29
ORD-11550,535,28,2023-10-23,3,108.96,294.19,99.5
ORD-11798,536,3,2023-10-23,7,11.09,69.87,12.8
ORD-10347,537,20,2023-10-24,4,33.98,129.12,46.9
ORD-10429,538,89,2023-10-24,11,52.9,581.9,244.33
ORD-10461,539,48,2023-10-24,2,33.2,66.4,21.0
ORD-11069,540,15,2023-10-25,5,18.76,79.73,19.28
ORD-10382,541,141,2023-10-26,2,113.95,193.72,43.57
ORD-10530,542,28,2023-10-26,2,81.19,154.26,54.62
ORD-10316,543,130,2023-10-27,1,13.39,11.38,-2.61
ORD-10717,544,104,2023-10-28,5,183.81,689.29,117.21
ORD-11406,545,23,2023-10-28,8,58.27,419.54,139.1
ORD-10478,546,130,2023-10-29,1,7.39,7.02,-5.89
ORD-10696,547,46,2023-11-01,2,38.06,72.31,19.86
ORD-11295,548,48,2023-11-01,1,17.56,17.56,-5.31
ORD-11300,549,28,2023-11-01,3,145.73,393.47,143.03
ORD-10054,550,34,2023-11-02,1,30.54,27.49,1.89
ORD-10528,551,4,2023-11-02,3,40.21,120.63,42.62
ORD-11038,552,18,2023-11-02,6,302.03,1449.74,348.62
ORD-11728,553,48,2023-11-02,2,34.8,66.12,17.79
ORD-11949,554,3,2023-11-02,6,14.97,85.33,22.61
ORD-10811,555,4,2023-11-03,1,83.28,83.28,25.35
ORD-11576,556,59,2023-11-03,7,95.46,634.81,247.15
ORD-10514,557,12,2023-11-05,2,8.91,15.15,-4.51
ORD-10757,558,11,2023-11-06,3,64.75,194.25,82.5
ORD-11470,559,10,2023-11-06,4,127.45,433.33,115.02
ORD-10801,560,10,2023-11-07,4,70.54,239.84,59.31
ORD-11903,561,21,2023-11-07,7,9.27,61.65,13.24
ORD-10043,562,89,2023-11-09,3,53.47,160.41,61.48
ORD-11109,563,6,2023-11-09,1,94.39,80.23,12.57
ORD-10753,564,59,2023-11-10,1,187.3,177.94,67.94
ORD-10180,565,6,2023-11-12,2,163.55,327.1,124.82
ORD-11761,566,58,2023-11-12,1,22.15,22.15,0.18
ORD-10375,567,89,2023-11-13,1,37.78,34.0,2.56
ORD-10795,568,76,2023-11-13,8,64.55,413.12,82.3
ORD-10362,569,5,2023-11-14,3,162.18,413.56,111.11
ORD-10350,570,23,2023-11-15,1,40.47,38.45,9.44
ORD-12000,571,7,2023-11-15,2,10.67,18.14,-5.48
ORD-10559,572,130,2023-11-18,3,11.62,29.63,6.51
ORD-10725,573,8,2023-11-18,11,53.68,590.48,246.56
ORD-11713,574,21,2023-11-19,7,7.45,49.54,11.45
ORD-10932,575,26,2023-11-20,3,10.56,30.1,1.77
ORD-11566,576,48,2023-11-20,2,53.62,107.24,36.51
ORD-10360,577,7,2023-11-21,3,20.66,61.98,19.7
ORD-11833,578,26,2023-11-21,1,18.51,16.66,-2.83
ORD-11177,579,18,2023-11-22,1,209.98,199.48,66.3
ORD-10978,580,20,2023-11-23,1,15.72,14.93,-1.44
ORD-10041,581,89,2023-11-25,2,29.09,55.27,13.45
ORD-10365,582,46,2023-11-25,6,40.22,217.19,71.01
ORD-10524,583,15,2023-11-25,2,9.13,16.43,-1.98
ORD-11789,584,26,2023-11-25,1,15.28,13.75,-2.55
ORD-10992,585,10,2023-11-26,6,90.7,435.36,98.58
ORD-11555,586,89,2023-11-26,5,24.47,122.35,38.05
ORD-11793,587,44,2023-11-27,1,45.68,41.11,12.63
ORD-11111,588,7,2023-11-28,2,9.14,18.28,-1.79
ORD-11488,589,14,2023-11-28,5,43.67,185.6,63.3
ORD-11497,590,141,2023-11-29,4,182.4,656.64,209.81
ORD-11687,591,21,2023-11-29,3,9.44,25.49,-3.38
ORD-11505,592,7,2023-11-30,1,8.8,7.92,-7.98
ORD-10487,593,4,2023-12-01,8,55.17,419.29,158.9
ORD-10677,594,5,2023-12-01,4,336.19,1008.57,193.56
ORD-10044,595,44,2023-12-02,8,48.93,352.3,129.05
ORD-11910,596,6,2023-12-02,6,191.06,917.09,209.43
ORD-10288,597,104,2023-12-03,4,112.46,427.35,139.01
ORD-11423,598,43,2023-12-03,2,16.62,31.58,2.12
ORD-11442,599,76,2023-12-03,4,42.01,159.64,46.61
ORD-11827,600,76,2023-12-03,2,43.95,70.32,10.81
ORD-11863,601,18,2023-12-03,5,233.71,1168.55,458.48
ORD-11904,602,27,2023-12-04,2,55.94,111.88,33.8
ORD-11346,603,17,2023-12-05,1,263.21,210.57,46.12
ORD-11661,604,76,2023-12-05,2,67.5,135.0,40.63
ORD-11944,605,7,2023-12-05,1,8.87,8.87,-2.59
ORD-10109,606,7,2023-12-06,4,14.98,59.92,22.41
ORD-11117,607,8,2023-12-06,4,33.03,132.12,52.25
ORD-11316,608,76,2023-12-06,3,66.28,198.84,63.34
ORD-11770,609,17,2023-12-06,3,216.54,649.62,243.46
ORD-10189,610,7,2023-12-07,4,17.57,59.74,9.38
ORD-10779,611,14,2023-12-07,2,68.14,102.21,23.12
ORD-11597,612,130,2023-12-07,1,9.23,9.23,-1.36
ORD-11641,613,38,2023-12-07,1,9.6,9.12,-0.72
ORD-11708,614,14,2023-12-07,2,57.77,109.76,42.1
ORD-11825,615,7,2023-12-07,2,24.03,43.25,12.36
ORD-11891,616,58,2023-12-07,3,21.32,54.37,15.38
ORD-10220,617,76,2023-12-08,7,67.53,425.44,129.7
ORD-11953,618,12,2023-12-08,1,9.18,8.72,-6.94
ORD-10183,619,104,2023-12-09,5,152.95,726.51,248.72
ORD-10488,620,85,2023-12-09,4,52.21,198.4,56.62
ORD-11110,621,46,2023-12-09,1,58.09,49.38,11.2
ORD-11393,622,38,2023-12-09,3,9.96,25.4,-3.05
ORD-10632,623,7,2023-12-10,1,15.07,14.32,0.92
ORD-11262,624,34,2023-12-10,10,38.59,347.31,128.25
ORD-10199,625,32,2023-12-11,5,16.65,79.09,33.0
ORD-10454,626,15,2023-12-11,1,10.81,9.73,-0.9
ORD-10658,627,44,2023-12-11,3,44.11,132.33,52.65
ORD-11649,628,12,2023-12-11,3,6.13,17.47,-6.87
ORD-11811,629,8,2023-12-11,5,30.27,151.35,54.52
ORD-11847,630,109,2023-12-11,3,43.37,110.59,31.11
ORD-11936,631,16,2023-12-11,3,126.07,378.21,172.96
ORD-11986,632,21,2023-12-11,2,19.32,38.64,11.78
ORD-11964,633,27,2023-12-13,3,47.08,127.12,30.56
ORD-11968,634,141,2023-12-13,5,109.55,492.98,147.98
ORD-10508,635,4,2023-12-14,4,32.24,122.51,38.46
ORD-11337,636,11,2023-12-14,1,32.68,31.05,1.61
ORD-11463,637,2,2023-12-16,8,85.21,579.43,190.76
ORD-11449,638,1,2023-12-17,3,166.63,499.89,210.11
ORD-10474,639,24,2023-12-18,10,9.33,79.3,26.36
ORD-10495,640,58,2023-12-18,5,8.1,32.4,-4.55
ORD-11233,641,21,2023-12-18,3,17.75,45.26,11.16
ORD-11248,642,10,2023-12-18,4,59.95,227.81,70.07
ORD-11998,643,12,2023-12-18,4,3.66,11.71,-8.6
ORD-10126,644,11,2023-12-20,6,64.86,311.33,90.91
ORD-11345,645,27,2023-12-20,4,94.69,340.88,98.92
ORD-11967,646,4,2023-12-20,1,36.01,34.21,4.7
ORD-10197,647,130,2023-12-21,1,6.89,5.86,-3.98
ORD-11579,648,28,2023-12-21,1,98.38,98.38,37.65
ORD-10237,649,48,2023-12-22,5,27.72,131.67,38.02
ORD-10587,650,17,2023-12-22,3,371.61,947.61,263.32
ORD-10724,651,18,2023-12-22,2,288.74,461.98,103.67
ORD-10127,652,15,2023-12-23,12,11.81,120.46,34.01
ORD-10230,653,23,2023-12-23,3,67.73,182.87,60.05
ORD-10318,654,104,2023-12-23,4,166.71,533.47,118.24
ORD-10827,655,48,2023-12-24,1,41.24,37.12,8.57
ORD-11663,656,28,2023-12-24,5,81.1,364.95,124.07
ORD-10149,657,6,2023-12-25,1,190.75,152.6,29.07
ORD-11020,658,8,2023-12-25,1,69.13,58.76,12.91
ORD-10218,659,46,2023-12-26,1,51.57,41.26,2.35
ORD-10409,660,4,2023-12-26,3,85.34,243.22,91.7
ORD-10439,661,3,2023-12-26,4,11.72,44.54,9.28
ORD-10591,662,46,2023-12-26,1,53.57,40.18,-0.49
ORD-10825,663,12,2023-12-26,2,8.93,17.86,-0.22
ORD-11187,664,34,2023-12-26,5,57.59,273.55,113.38
ORD-11830,665,48,2023-12-26,3,25.88,65.99,16.3
ORD-11418,666,27,2023-12-27,2,85.83,145.91,29.31
ORD-11457,667,6,2023-12-27,2,139.67,237.44,56.0
ORD-11996,668,130,2023-12-27,5,8.83,44.15,5.27
ORD-11147,669,141,2023-12-28,1,172.7,172.7,57.75
ORD-11437,670,6,2023-12-31,1,162.05,153.95,47.34
ORD-10010,671,28,2024-01-01,3,135.75,407.25,174.52
ORD-11510,672,44,2024-01-01,2,50.45,100.9,39.91
ORD-10052,673,26,2024-01-03,11,9.84,97.42,22.87
ORD-10430,674,17,2024-01-04,1,246.96,222.26,63.57
ORD-11467,675,32,2024-01-04,2,17.17,32.62,7.03
ORD-11720,676,32,2024-01-04,1,11.89,11.89,-0.99
ORD-10673,677,7,2024-01-06,5,17.43,87.15,34.14
ORD-10709,678,80,2024-01-07,3,22.55,60.89,14.67
ORD-10323,679,6,2024-01-08,2,161.39,306.64,104.61
ORD-10650,680,48,2024-01-08,1,47.57,47.57,15.54
ORD-10718,681,17,2024-01-08,4,259.86,987.47,350.46
ORD-10962,682,58,2024-01-09,6,12.29,70.05,19.98
ORD-11993,683,18,2024-01-09,3,192.53,577.59,220.95
ORD-10925,684,24,2024-01-10,4,6.51,24.74,-1.82
ORD-11362,685,89,2024-01-10,1,32.02,30.42,4.53
ORD-11372,686,1,2024-01-10,2,155.87,264.98,87.09
ORD-11551,687,89,2024-01-11,5,62.1,310.5,128.08
ORD-10476,688,21,2024-01-13,1,21.65,19.48,0.29
ORD-11431,689,109,2024-01-13,1,21.54,18.31,-4.95
ORD-11861,690,28,2024-01-13,2,75.67,151.34,55.97
ORD-11992,691,44,2024-01-13,6,51.47,247.06,74.67
ORD-10152,692,141,2024-01-14,2,81.16,154.2,47.74
ORD-10672,693,3,2024-01-14,3,11.12,28.36,-0.08
ORD-10880,694,7,2024-01-16,5,21.03,105.15,46.58
ORD-11107,695,27,2024-01-16,7,34.67,218.42,50.29
ORD-11424,696,130,2024-01-17,2,11.84,21.31,0.78
ORD-11592,697,23,2024-01-17,4,27.55,88.16,13.16
ORD-10695,698,12,2024-01-18,1,9.96,8.47,-5.91
ORD-10116,699,4,2024-01-19,3,34.06,91.96,23.33
ORD-10775,700,27,2024-01-19,2,61.68,98.69,18.33
ORD-11033,701,24,2024-01-19,4,5.79,20.84,-5.39
ORD-10866,702,89,2024-01-20,1,36.55,34.72,8.81
ORD-11159,703,23,2024-01-20,4,35.55,135.09,45.66
ORD-10471,704,5,2024-01-21,1,197.67,148.25,20.0
ORD-10549,705,46,2024-01-21,2,49.24,88.63,25.31
ORD-11273,706,34,2024-01-21,3,74.46,178.7,54.39
ORD-10067,707,23,2024-01-22,5,36.68,183.4,65.58
ORD-10498,708,11,2024-01-22,2,61.95,123.9,53.25
ORD-10265,709,15,2024-01-24,3,18.85,45.24,7.14
ORD-10662,710,20,2024-01-24,5,49.71,186.41,53.37
ORD-11015,711,14,2024-01-27,3,59.07,141.77,41.92
ORD-11782,712,7,2024-01-27,2,21.61,36.74,4.23
ORD-10032,713,80,2024-01-28,2,39.62,75.28,29.66
ORD-10004,714,2,2024-01-29,12,150.5,1444.8,413.7
ORD-10051,715,26,2024-01-30,5,8.68,43.4,10.47
ORD-10878,716,76,2024-01-31,2,29.62,56.28,9.95
ORD-11208,717,2,2024-01-31,2,96.97,164.85,48.91
ORD-11547,718,3,2024-01-31,1,15.66,15.66,-2.16
ORD-10100,719,6,2024-02-02,1,93.08,88.43,25.88
ORD-10110,720,11,2024-02-02,2,38.08,68.54,20.35
ORD-10928,721,130,2024-02-03,1,13.92,13.22,-3.08
ORD-11928,722,104,2024-02-03,2,297.8,595.6,226.57
ORD-10440,723,26,2024-02-04,1,10.39,10.39,-1.93
ORD-11047,724,141,2024-02-04,2,214.42,343.07,79.73
ORD-11456,725,28,2024-02-04,4,96.59,386.36,165.0
ORD-10297,726,34,2024-02-07,12,54.17,650.04,286.92
ORD-11139,727,16,2024-02-07,4,90.04,342.15,148.76
ORD-11704,728,4,2024-02-07,2,33.73,57.34,9.19
ORD-10031,729,4,2024-02-08,4,67.39,269.56,105.1
ORD-10923,730,18,2024-02-08,6,443.99,2264.35,647.7
ORD-10958,731,1,2024-02-10,1,216.25,205.44,78.98
ORD-11599,732,16,2024-02-10,2,89.21,151.66,48.85
ORD-11625,733,17,2024-02-11,8,180.57,1300.1,415.78
ORD-11705,734,89,2024-02-11,2,22.02,41.84,4.44
ORD-10346,735,15,2024-02-12,5,10.97,52.11,13.2
ORD-10338,736,28,2024-02-13,1,78.61,74.68,19.7
ORD-10935,737,130,2024-02-13,1,12.56,12.56,-1.24
ORD-11263,738,16,2024-02-14,4,108.96,435.84,199.01
ORD-11724,739,85,2024-02-14,4,40.58,154.2,42.95
ORD-11580,449,23,2024-02-15,1,28.43,28.43,1.48
ORD-10292,741,21,2024-02-16,1,20.74,17.63,-5.15
ORD-11565,742,80,2024-02-17,5,48.34,181.28,46.14
ORD-10413,743,18,2024-02-18,7,429.66,3007.62,1189.79
ORD-10503,744,27,2024-02-18,2,48.32,77.31,7.14
ORD-10510,745,44,2024-02-18,3,62.02,176.76,74.94
ORD-10165,746,89,2024-02-21,1,62.36,53.01,10.83
ORD-10529,747,34,2024-02-21,3,43.72,131.16,53.94
ORD-10819,748,58,2024-02-21,5,13.07,65.35,19.45
ORD-11638,749,5,2024-02-21,1,246.49,221.84,67.04
ORD-11671,750,58,2024-02-23,7,23.26,154.68,58.03
ORD-10156,751,27,2024-02-25,1,61.18,61.18,16.14
ORD-10708,752,28,2024-02-27,4,78.35,250.72,66.19
ORD-11059,753,21,2024-02-27,2,13.33,22.66,-5.02
ORD-11676,754,24,2024-02-27,1,14.7,12.49,-1.54
ORD-11280,755,130,2024-03-02,4,10.51,39.94,7.85
ORD-10947,756,104,2024-03-03,5,131.71,592.7,186.82
ORD-10869,757,24,2024-03-04,5,5.0,25.0,0.6
ORD-10005,758,38,2024-03-05,1,12.92,11.63,-0.01
ORD-10951,759,21,2024-03-05,6,15.88,90.52,37.54
ORD-11594,760,44,2024-03-05,5,32.04,152.19,63.6
ORD-11835,761,1,2024-03-05,3,187.55,478.25,153.38
ORD-10706,762,4,2024-03-06,11,67.96,710.18,263.7
ORD-11277,763,10,2024-03-06,1,127.07,127.07,40.03
ORD-10437,764,16,2024-03-07,5,110.65,553.25,263.44
ORD-10841,765,48,2024-03-07,2,27.57,55.14,12.66
ORD-10883,766,76,2024-03-07,4,36.41,131.08,26.06
ORD-10273,767,26,2024-03-08,4,7.72,26.25,-1.65
ORD-10893,768,23,2024-03-08,2,57.7,115.4,42.38
ORD-11361,769,89,2024-03-08,3,69.59,167.02,42.03
ORD-10309,770,15,2024-03-09,1,10.42,9.38,-5.32
ORD-10531,771,32,2024-03-10,1,10.33,10.33,-6.49
ORD-10537,772,58,2024-03-10,1,24.87,19.9,-0.53
ORD-11284,773,8,2024-03-10,5,73.85,369.25,146.76
ORD-11143,774,38,2024-03-13,8,16.12,116.06,37.42
ORD-11742,775,23,2024-03-13,4,74.64,298.56,122.32
ORD-11961,776,104,2024-03-13,4,119.66,430.78,124.75
ORD-11956,777,59,2024-03-16,3,187.16,561.48,237.16
ORD-10573,778,7,2024-03-17,2,10.08,17.14,-1.6
ORD-11179,779,10,2024-03-17,2,115.3,219.07,67.28
ORD-11997,780,104,2024-03-17,3,185.09,555.27,212.74
ORD-10084,781,46,2024-03-18,3,55.49,158.15,50.19
ORD-11941,782,76,2024-03-18,1,53.47,53.47,12.56
ORD-11174,783,44,2024-03-19,3,24.44,54.99,6.16
ORD-11802,784,58,2024-03-19,11,15.11,149.59,44.63
ORD-11979,785,24,2024-03-19,2,4.03,7.66,-6.7
ORD-10425,786,16,2024-03-21,4,123.28,468.46,208.57
ORD-10040,397,89,2024-03-27,2,21.45,36.46,-0.76
ORD-10705,788,8,2024-03-27,1,34.41,32.69,6.18
ORD-11101,789,28,2024-03-27,6,99.17,505.77,165.16
ORD-11914,790,141,2024-03-27,7,140.89,838.3,230.55
ORD-10154,791,46,2024-03-28,12,40.47,461.36,166.41
ORD-11326,792,10,2024-03-28,1,42.6,36.21,-0.59
ORD-10379,531,26,2024-03-30,1,7.85,7.06,-6.07
ORD-10754,794,141,2024-03-30,6,203.47,1098.74,353.12
ORD-10394,795,43,2024-03-31,8,14.51,92.86,6.95
ORD-10464,796,26,2024-03-31,7,18.79,124.95,56.64
ORD-11428,797,15,2024-03-31,1,18.75,18.75,1.09
ORD-11969,798,59,2024-03-31,4,130.45,521.8,216.3
ORD-11981,799,1,2024-04-01,1,231.11,208.0,72.02
ORD-10660,800,14,2024-04-03,2,35.17,52.76,6.62
ORD-10768,801,1,2024-04-03,13,73.44,811.51,252.08
ORD-11299,802,24,2024-04-03,2,9.1,18.2,0.35
ORD-10295,803,15,2024-04-04,3,14.61,37.26,2.86
ORD-10832,804,32,2024-04-04,5,15.19,68.36,21.47
ORD-11250,805,28,2024-04-04,1,116.53,104.88,30.27
ORD-11581,806,34,2024-04-04,5,45.28,169.8,44.05
ORD-10064,807,44,2024-04-05,1,43.07,34.46,2.43
ORD-10665,808,7,2024-04-05,5,23.69,100.68,32.61
ORD-10687,809,4,2024-04-05,3,80.36,192.86,51.23
ORD-10806,810,46,2024-04-06,3,39.53,100.8,26.56
ORD-10813,811,3,2024-04-06,5,10.25,43.56,10.72
ORD-10956,812,38,2024-04-06,2,14.32,25.78,5.89
ORD-11558,813,12,2024-04-06,8,9.0,72.0,22.83
ORD-10078,814,109,2024-04-07,5,77.97,370.36,155.03
ORD-11634,815,14,2024-04-07,3,70.34,189.92,69.74
ORD-10092,816,58,2024-04-08,6,29.44,158.98,52.95
ORD-10964,817,80,2024-04-08,9,36.63,313.19,131.21
ORD-11344,818,26,2024-04-08,1,13.3,11.3,-0.48
ORD-10991,819,5,2024-04-09,5,184.93,878.42,315.93
ORD-11785,820,20,2024-04-09,1,53.29,47.96,14.93
ORD-10250,821,3,2024-04-10,2,14.0,25.2,-2.87
ORD-11053,822,59,2024-04-10,4,43.88,157.97,46.6
ORD-11489,823,59,2024-04-10,1,198.87,169.04,48.94
ORD-11767,824,89,2024-04-10,3,53.25,151.76,52.64
ORD-10305,825,109,2024-04-11,4,42.06,151.42,56.16
ORD-11106,826,46,2024-04-13,4,24.16,96.64,33.86
ORD-10006,827,20,2024-04-14,1,33.05,26.44,-0.71
ORD-11141,828,32,2024-04-14,2,10.3,19.57,-1.86
ORD-11434,829,130,2024-04-14,2,10.57,20.08,-0.54
ORD-10463,830,59,2024-04-15,14,118.27,1490.2,539.08
ORD-11290,831,23,2024-04-15,9,38.81,331.83,118.59
ORD-10075,832,21,2024-04-16,1,9.5,9.03,-8.26
ORD-10460,833,21,2024-04-16,1,9.64,8.68,-3.56
ORD-11887,834,15,2024-04-16,2,10.28,18.5,-2.11
ORD-10171,835,46,2024-04-18,3,20.41,58.17,14.28
ORD-10354,836,15,2024-04-18,2,14.35,25.83,3.33
ORD-11171,837,18,2024-04-18,2,221.74,332.61,56.23
ORD-10332,838,7,2024-04-19,4,14.12,42.36,5.25
ORD-10420,839,80,2024-04-19,4,49.44,148.32,35.3
ORD-11259,840,2,2024-04-20,7,67.05,398.95,116.73
ORD-11678,841,15,2024-04-20,2,20.62,35.05,5.24
ORD-10236,842,44,2024-04-21,1,32.39,29.15,3.87
ORD-10407,843,24,2024-04-21,1,4.02,3.42,-6.13
ORD-10575,844,20,2024-04-21,10,39.34,314.72,89.3
ORD-11315,845,23,2024-04-21,2,69.72,111.55,24.68
ORD-11548,846,14,2024-04-21,4,32.79,124.6,50.95
ORD-11607,847,5,2024-04-21,2,123.37,197.39,34.83
ORD-11675,848,17,2024-04-22,8,363.39,2616.41,844.98
ORD-10057,849,14,2024-04-23,8,82.89,629.96,274.69
ORD-10438,850,104,2024-04-23,1,189.66,151.73,28.41
ORD-10616,851,27,2024-04-23,4,83.03,315.51,98.9
ORD-11373,852,8,2024-04-23,3,79.82,227.49,81.96
ORD-11546,853,28,2024-04-24,2,128.49,205.58,52.86
ORD-11871,854,23,2024-04-24,3,57.54,138.1,33.45
ORD-11999,855,76,2024-04-25,1,74.6,67.14,15.58
ORD-10034,856,24,2024-04-26,1,12.87,12.87,-4.39
ORD-11583,857,104,2024-04-26,15,107.45,1531.16,540.71
ORD-11734,858,4,2024-04-26,3,72.81,196.59,64.59
ORD-10082,859,44,2024-04-28,2,69.05,103.57,25.94
ORD-10361,860,21,2024-04-28,5,6.24,28.08,2.58
ORD-10515,861,5,2024-04-28,1,137.49,116.87,24.26
ORD-10640,862,104,2024-04-28,2,242.25,436.05,134.37
ORD-11108,863,2,2024-04-28,1,128.34,109.09,27.46
ORD-11297,864,27,2024-04-28,4,34.76,118.18,16.9
ORD-10804,865,46,2024-04-29,2,52.77,73.88,1.14
ORD-10342,866,48,2024-04-30,1,28.72,27.28,5.14
ORD-10366,867,5,2024-05-04,3,264.57,754.02,268.15
ORD-10456,868,14,2024-05-04,3,85.33,217.59,77.42
ORD-10732,869,48,2024-05-04,10,39.28,353.52,105.59
ORD-11025,870,12,2024-05-04,2,6.14,12.28,-2.25
ORD-11198,871,2,2024-05-04,5,77.16,366.51,134.53
ORD-10167,872,12,2024-05-05,3,5.66,15.28,-4.43
ORD-10355,873,10,2024-05-05,4,112.68,450.72,167.35
ORD-11414,874,28,2024-05-05,2,72.3,130.14,38.66
ORD-10056,875,8,2024-05-06,2,33.61,60.5,11.65
ORD-10373,876,24,2024-05-07,3,8.13,20.73,-4.91
ORD-10728,877,48,2024-05-07,3,37.59,95.85,23.06
ORD-10072,878,10,2024-05-08,3,52.88,158.64,51.43
ORD-10049,879,130,2024-05-09,1,9.55,9.07,-7.15
ORD-11626,880,16,2024-05-09,10,99.39,993.9,475.0
ORD-10147,881,59,2024-05-11,1,76.11,76.11,24.09
ORD-10721,882,2,2024-05-11,1,57.26,45.81,1.41
ORD-11448,883,34,2024-05-11,2,42.93,81.57,25.12
ORD-11817,884,48,2024-05-11,4,37.01,148.04,53.84
ORD-11735,885,11,2024-05-12,5,57.38,286.9,133.3
ORD-10900,886,58,2024-05-14,1,20.52,19.49,1.65
ORD-11104,887,38,2024-05-14,5,10.88,51.68,10.25
ORD-11572,888,44,2024-05-15,3,66.48,199.44,90.67
ORD-11924,889,48,2024-05-15,8,32.31,219.71,58.65
ORD-10835,890,3,2024-05-16,4,12.42,42.23,6.5
ORD-11432,891,8,2024-05-16,2,54.24,97.63,28.0
ORD-11877,892,85,2024-05-16,1,49.78,42.31,5.81
ORD-10224,893,23,2024-05-17,3,26.2,70.74,11.85
ORD-11144,894,16,2024-05-17,8,50.94,346.39,130.93
ORD-10169,895,85,2024-05-18,6,26.58,127.58,14.19
ORD-10396,896,104,2024-05-18,1,296.6,281.77,94.78
ORD-11152,897,104,2024-05-18,6,151.62,909.72,348.29
ORD-11650,898,44,2024-05-18,3,34.37,92.8,30.02
ORD-10582,899,26,2024-05-19,2,10.26,20.52,-1.25
ORD-11696,900,2,2024-05-20,5,128.41,449.43,82.81
ORD-10796,901,89,2024-05-21,3,21.23,60.51,7.42
ORD-11791,902,3,2024-05-21,3,5.26,14.99,-4.36
ORD-10104,903,130,2024-05-22,4,9.24,35.11,0.14
ORD-10291,904,4,2024-05-23,2,88.23,176.46,69.76
ORD-10016,905,59,2024-05-24,2,111.78,223.56,91.6
ORD-10359,906,17,2024-05-24,13,201.56,2620.28,1017.49
ORD-10989,907,80,2024-05-24,1,48.43,38.74,7.57
ORD-11568,908,3,2024-05-24,3,9.99,26.97,4.96
ORD-11021,909,80,2024-05-25,1,51.37,51.37,14.42
ORD-11160,910,38,2024-05-25,2,14.19,25.54,2.76
ORD-11462,911,16,2024-05-25,4,59.09,224.54,94.73
ORD-10631,912,141,2024-05-26,1,114.0,114.0,36.07
ORD-10936,913,48,2024-05-26,1,38.44,38.44,9.11
ORD-11287,914,1,2024-05-26,8,171.31,1233.43,456.73
ORD-10059,915,2,2024-05-27,6,175.05,945.27,346.19
ORD-10335,916,3,2024-05-27,5,11.19,47.56,0.27
ORD-10595,917,89,2024-05-27,2,31.92,63.84,15.4
ORD-10614,918,76,2024-05-27,3,35.49,106.47,28.96
ORD-10790,919,59,2024-05-27,2,71.92,136.65,43.83
ORD-11173,920,15,2024-05-27,9,20.69,186.21,80.35
ORD-11324,921,28,2024-05-27,15,142.85,1928.48,727.25
ORD-10364,922,11,2024-05-28,3,50.33,135.89,48.95
ORD-10445,923,7,2024-05-28,1,23.24,20.92,3.09
ORD-10584,924,109,2024-05-28,6,79.95,479.7,216.76
ORD-11658,925,26,2024-05-29,1,14.73,14.73,-4.26
ORD-11765,926,21,2024-05-29,4,15.35,55.26,14.51
ORD-10441,927,1,2024-05-30,1,171.98,154.78,52.9
ORD-10898,928,76,2024-05-31,1,67.18,67.18,14.78
ORD-11164,929,89,2024-05-31,5,27.93,118.7,26.91
ORD-11588,930,21,2024-06-01,2,8.62,14.65,-3.18
ORD-11686,931,27,2024-06-02,7,77.63,461.9,124.21
ORD-10117,932,21,2024-06-03,2,18.62,33.52,4.25
ORD-11074,933,5,2024-06-03,2,205.48,390.41,131.04
ORD-10345,934,5,2024-06-04,2,212.46,403.67,140.48
ORD-11815,935,104,2024-06-04,2,232.65,465.3,179.38
ORD-10157,936,43,2024-06-05,1,33.98,32.28,5.66
ORD-11803,937,109,2024-06-07,1,47.83,38.26,3.38
ORD-10734,938,130,2024-06-08,1,10.5,10.5,-2.87
ORD-10302,939,76,2024-06-09,3,26.36,67.22,5.18
ORD-11365,940,44,2024-06-09,3,63.86,182.0,75.44
ORD-11759,44,34,2024-06-09,3,29.47,79.57,23.26
ORD-11750,942,44,2024-06-10,1,26.54,25.21,5.03
ORD-10557,943,20,2024-06-12,5,49.62,223.29,78.78
ORD-10897,944,48,2024-06-12,3,44.11,132.33,46.36
ORD-11738,945,89,2024-06-12,4,65.92,224.13,66.32
ORD-11737,946,59,2024-06-14,2,187.45,318.66,97.21
ORD-10547,947,44,2024-06-15,1,41.69,39.61,13.23
ORD-10882,948,12,2024-06-15,2,3.65,6.93,-5.45
ORD-11303,949,59,2024-06-15,5,190.99,907.2,367.64
ORD-11882,950,27,2024-06-16,2,50.55,101.1,29.18
ORD-10227,951,109,2024-06-18,5,61.44,291.84,128.02
ORD-10556,952,6,2024-06-18,6,84.46,456.08,129.34
ORD-10884,953,8,2024-06-18,4,53.44,192.38,64.07
ORD-11188,954,109,2024-06-19,2,39.41,74.88,27.41
ORD-11340,955,1,2024-06-19,1,214.3,203.59,74.5
ORD-11325,956,28,2024-06-20,6,88.33,503.48,198.67
ORD-11447,957,34,2024-06-20,2,73.45,139.56,59.82
ORD-10822,958,14,2024-06-21,1,47.32,42.59,8.19
ORD-11747,959,44,2024-06-21,2,34.14,64.87,16.79
ORD-11084,960,6,2024-06-22,1,141.5,141.5,48.7
ORD-10983,961,85,2024-06-23,9,55.5,474.52,154.89
ORD-11777,962,130,2024-06-23,3,8.11,20.68,-4.53
ORD-10278,963,5,2024-06-24,7,303.29,1804.58,512.22
ORD-11466,964,4,2024-06-24,1,68.39,54.71,4.72
ORD-11816,965,3,2024-06-24,2,9.72,17.5,-4.17
ORD-10144,966,24,2024-06-25,2,14.53,27.61,2.76
ORD-10012,967,10,2024-06-26,1,78.08,70.27,11.46
ORD-11415,968,32,2024-06-26,5,9.54,47.7,14.59
ORD-11265,969,104,2024-06-28,3,122.5,367.5,137.65
ORD-11311,970,76,2024-06-28,2,33.34,66.68,15.32
ORD-11688,971,3,2024-06-29,8,14.05,112.4,43.06
ORD-10121,972,109,2024-06-30,3,22.89,54.94,8.83
ORD-11099,973,20,2024-06-30,1,52.83,47.55,15.0
ORD-11660,974,89,2024-07-01,2,28.41,51.14,10.55
ORD-11768,975,58,2024-07-01,1,23.88,22.69,1.74
ORD-10513,976,58,2024-07-02,6,25.8,123.84,23.22
ORD-11850,977,5,2024-07-02,7,157.04,1099.28,429.59
ORD-11411,978,21,2024-07-03,2,21.15,42.3,13.78
ORD-11498,979,26,2024-07-03,2,16.71,30.08,1.05
ORD-11352,980,130,2024-07-04,4,4.42,16.8,-4.65
ORD-10257,981,32,2024-07-05,1,15.39,15.39,-0.69
ORD-10261,982,15,2024-07-05,5,8.34,35.45,9.1
ORD-10581,983,89,2024-07-05,1,47.66,47.66,12.68
ORD-10691,984,89,2024-07-05,2,52.81,105.62,36.54
ORD-11189,985,85,2024-07-05,1,31.63,30.05,5.23
ORD-10275,986,26,2024-07-06,7,11.86,78.87,24.36
ORD-11450,987,46,2024-07-06,1,24.66,19.73,-2.47
ORD-11559,988,26,2024-07-06,8,19.36,139.39,60.42
ORD-11225,989,89,2024-07-07,3,42.03,113.48,37.28
ORD-11636,990,48,2024-07-07,5,17.3,73.52,9.51
ORD-11706,991,18,2024-07-08,10,305.38,2901.11,1054.26
ORD-10222,992,14,2024-07-09,3,59.82,143.57,44.26
ORD-10385,993,21,2024-07-09,1,19.83,15.86,0.14
ORD-11508,994,34,2024-07-09,2,86.73,156.11,59.63
ORD-10641,995,11,2024-07-10,11,19.0,198.55,77.86
ORD-11587,996,34,2024-07-10,5,28.49,121.08,34.82
ORD-10095,997,104,2024-07-11,2,191.99,364.78,125.37
ORD-11444,998,32,2024-07-11,3,9.42,28.26,-0.26
ORD-11549,999,2,2024-07-11,2,70.74,120.26,29.09
ORD-10516,1000,28,2024-07-12,2,131.07,235.93,83.17
ORD-10586,1001,4,2024-07-13,3,50.5,136.35,42.42
ORD-10664,1002,14,2024-07-14,6,68.26,389.08,165.85
ORD-11142,1003,27,2024-07-14,1,95.79,81.42,14.98
ORD-10824,1004,2,2024-07-15,2,150.27,270.49,99.04
ORD-11343,1005,80,2024-07-15,1,25.15,20.12,-5.67
ORD-11639,1006,6,2024-07-15,3,153.49,345.35,61.06
ORD-10131,1007,28,2024-07-16,1,115.3,103.77,33.67
ORD-10253,1008,18,2024-07-19,4,425.29,1616.1,583.04
ORD-11402,1009,23,2024-07-19,1,44.59,44.59,12.83
ORD-11398,1010,80,2024-07-21,1,23.76,21.38,3.0
ORD-11857,1011,1,2024-07-23,3,215.99,583.17,212.46
ORD-11690,1012,24,2024-07-24,6,13.61,77.58,20.3
ORD-10909,1013,85,2024-07-25,4,43.36,156.1,35.98
ORD-10138,1014,14,2024-07-26,1,84.43,63.32,12.81
ORD-11165,1015,1,2024-07-26,5,142.01,710.05,307.48
ORD-10340,1016,10,2024-07-27,3,51.54,146.89,37.98
ORD-10388,1017,4,2024-07-27,4,83.83,335.32,138.83
ORD-10868,1018,48,2024-07-27,5,19.09,85.91,18.25
ORD-11918,1019,46,2024-07-27,1,42.3,33.84,4.67
ORD-10590,1020,10,2024-07-28,1,58.82,50.0,3.42
ORD-11153,1021,104,2024-07-28,11,296.08,3094.04,1116.45
ORD-11654,1022,104,2024-07-29,1,264.5,198.38,32.44
ORD-11982,1023,27,2024-07-29,1,43.48,43.48,10.5
ORD-10263,1024,8,2024-08-01,2,51.5,103.0,37.05
ORD-10066,1025,32,2024-08-02,4,14.54,49.44,10.7
ORD-10799,1026,10,2024-08-03,3,75.05,225.15,77.66
ORD-11203,1027,14,2024-08-03,4,39.58,150.4,60.22
ORD-11849,1028,28,2024-08-04,7,102.39,680.89,273.18
ORD-10867,1029,109,2024-08-05,2,54.24,92.21,25.36
ORD-11698,1030,32,2024-08-05,2,7.92,15.84,0.64
ORD-10213,1031,7,2024-08-06,4,22.41,85.16,33.68
ORD-10311,1032,24,2024-08-06,2,7.5,13.5,-4.47
ORD-11049,1033,46,2024-08-06,1,34.53,34.53,5.39
ORD-10018,1034,27,2024-08-07,3,76.33,228.99,83.79
ORD-10475,1035,46,2024-08-07,4,57.77,196.42,61.1
ORD-11726,1036,32,2024-08-08,2,10.66,20.25,2.6
ORD-11892,1037,14,2024-08-08,3,40.65,115.85,41.86
ORD-10294,1038,26,2024-08-09,4,17.75,67.45,22.47
ORD-10910,1039,11,2024-08-09,7,22.85,151.95,61.42
ORD-10714,1040,23,2024-08-10,4,59.34,189.89,46.41
ORD-10716,1041,5,2024-08-10,3,167.77,478.14,164.06
ORD-10810,1042,48,2024-08-12,3,24.66,66.58,11.52
ORD-10786,1043,1,2024-08-13,4,147.28,530.21,193.99
ORD-10919,1044,4,2024-08-13,4,63.81,242.48,89.37
ORD-11751,1045,21,2024-08-13,1,9.65,8.69,-1.51
ORD-10058,1046,17,2024-08-14,4,347.26,1111.23,266.81
ORD-11383,1047,85,2024-08-14,1,53.78,51.09,12.4
ORD-11622,1048,59,2024-08-14,3,104.66,313.98,131.74
ORD-11976,1049,38,2024-08-14,5,8.93,35.72,6.37
ORD-11301,1050,38,2024-08-15,2,17.94,35.88,6.88
ORD-11719,1051,5,2024-08-15,3,305.72,825.44,265.18
ORD-10448,1052,26,2024-08-16,10,13.76,123.84,43.94
ORD-10748,1053,43,2024-08-16,3,20.47,58.34,15.97
ORD-11186,1054,12,2024-08-16,3,4.11,12.33,-7.73
ORD-11446,1055,14,2024-08-16,6,98.0,499.8,185.46
ORD-11697,1056,89,2024-08-16,1,66.5,59.85,16.28
ORD-10315,1057,59,2024-08-18,2,121.67,219.01,74.52
ORD-11942,1058,23,2024-08-18,4,63.57,254.28,95.8
ORD-11094,1059,24,2024-08-19,4,10.58,40.2,7.06
ORD-10248,1060,11,2024-08-20,2,57.19,108.66,43.51
ORD-11240,1061,12,2024-08-20,2,9.18,15.61,-4.7
ORD-10818,1062,43,2024-08-22,2,32.02,57.64,15.61
ORD-11132,1063,3,2024-08-24,8,9.6,65.28,3.17
ORD-10608,1064,21,2024-08-25,4,9.95,37.81,7.89
ORD-10629,1065,23,2024-08-25,4,33.42,133.68,46.97
ORD-11246,1066,2,2024-08-25,1,132.41,119.17,39.69
ORD-10245,1067,28,2024-08-26,1,145.65,145.65,55.29
ORD-10613,1068,58,2024-08-26,1,20.03,19.03,1.06
ORD-11635,1069,109,2024-08-26,3,74.99,224.97,101.12
ORD-10108,1070,44,2024-08-28,3,45.38,122.53,44.8
ORD-10563,1071,27,2024-08-28,4,91.15,346.37,113.86
ORD-11347,1072,23,2024-08-28,2,64.84,103.74,25.48
ORD-11480,1073,5,2024-08-29,3,277.81,708.42,198.6
ORD-11823,1074,32,2024-08-29,4,15.31,52.05,7.42
ORD-11613,1075,34,2024-08-30,2,57.71,109.65,45.22
ORD-10055,1076,109,2024-08-31,4,36.93,125.56,36.78
ORD-11966,1077,15,2024-09-01,1,20.09,17.08,-2.54
ORD-10403,1078,5,2024-09-03,2,112.26,224.52,81.12
ORD-10140,1079,15,2024-09-04,3,22.08,59.62,19.51
ORD-11959,1080,48,2024-09-04,8,29.9,239.2,92.03
ORD-10929,1081,59,2024-09-05,2,79.84,143.71,48.65
ORD-11370,1082,58,2024-09-05,2,12.3,24.6,1.1
ORD-11534,1083,89,2024-09-05,1,30.33,28.81,5.24
ORD-10174,1084,38,2024-09-06,6,13.5,68.85,18.28
ORD-10848,1085,34,2024-09-06,3,68.42,184.73,70.01
ORD-11023,1086,26,2024-09-06,8,7.55,48.32,8.99
ORD-11314,1087,8,2024-09-06,5,57.26,257.67,83.12
ORD-11582,1088,18,2024-09-06,1,187.47,187.47,68.76
ORD-10544,1089,46,2024-09-07,2,50.79,101.58,38.0
ORD-11124,1090,34,2024-09-07,1,31.92,31.92,3.89
ORD-10493,1091,38,2024-09-09,8,15.17,121.36,43.33
ORD-10208,1092,28,2024-09-10,2,68.4,136.8,47.9
ORD-10484,1093,34,2024-09-10,5,57.12,285.6,123.39
ORD-10857,1094,2,2024-09-10,10,62.96,566.64,200.83
ORD-10901,1095,18,2024-09-10,5,214.38,911.12,249.05
ORD-11644,1096,130,2024-09-11,2,8.93,16.07,-6.29
ORD-11672,1097,26,2024-09-11,4,17.6,70.4,24.54
ORD-11073,1098,58,2024-09-12,9,22.04,198.36,89.39
ORD-11058,1099,18,2024-09-13,1,376.74,301.39,68.16
ORD-10370,1100,2,2024-09-14,1,174.88,148.65,43.91
ORD-11781,1101,130,2024-09-14,1,13.21,12.55,-3.73
ORD-11939,1102,4,2024-09-14,2,43.13,86.26,27.3
ORD-10184,1103,23,2024-09-15,4,41.61,133.15,29.97
ORD-10229,1104,14,2024-09-15,6,33.23,189.41,80.63
ORD-10286,1105,58,2024-09-15,4,12.55,37.65,2.64
ORD-10426,1106,109,2024-09-15,8,62.5,375.0,100.68
ORD-11799,1107,23,2024-09-15,2,31.01,55.82,14.86
ORD-11951,1108,85,2024-09-15,4,29.07,104.65,22.29
ORD-10466,1109,89,2024-09-16,5,62.9,314.5,129.47
ORD-11433,1110,15,2024-09-16,1,13.51,12.16,-1.86
ORD-11473,1111,27,2024-09-16,3,64.94,155.86,27.4
ORD-11491,1112,44,2024-09-16,1,20.04,20.04,3.51
ORD-11504,1113,15,2024-09-16,4,17.37,59.06,18.69
ORD-11938,1114,10,2024-09-16,2,73.07,124.22,22.56
ORD-10262,1115,12,2024-09-17,2,5.97,11.34,-1.04
ORD-10998,1116,76,2024-09-18,4,67.4,256.12,85.03
ORD-10050,1117,21,2024-09-19,3,13.57,38.67,7.37
ORD-10697,1118,24,2024-09-19,2,6.44,12.88,-2.63
ORD-10329,1119,3,2024-09-20,6,13.09,70.69,14.38
ORD-10011,1120,2,2024-09-21,9,164.14,1477.26,646.52
ORD-10931,1121,85,2024-09-21,3,49.49,126.2,21.05
ORD-10141,1122,7,2024-09-22,2,18.15,30.85,-0.38
ORD-10648,1123,38,2024-09-22,3,6.42,16.37,-7.69
ORD-11925,1124,23,2024-09-23,3,55.32,149.36,41.4
ORD-10076,1125,7,2024-09-24,5,17.85,89.25,34.64
ORD-11440,1126,48,2024-09-24,5,18.67,88.68,22.96
ORD-11573,1127,1,2024-09-24,2,83.77,142.41,42.21
ORD-11870,1128,89,2024-09-25,4,48.97,156.7,38.15
ORD-11920,1129,58,2024-09-26,1,29.28,24.89,0.85
ORD-10106,1130,109,2024-09-27,4,26.0,104.0,36.53
ORD-11522,1131,23,2024-09-27,4,31.83,120.95,38.91
ORD-10223,1132,27,2024-09-28,2,61.97,123.94,38.44
ORD-11955,1133,85,2024-09-28,6,47.45,270.47,78.64
ORD-10258,1134,3,2024-09-29,6,6.49,33.1,3.23
ORD-10879,1135,4,2024-09-29,3,37.06,88.94,14.77
ORD-11947,1136,2,2024-09-30,1,165.01,148.51,46.72
ORD-11826,1137,109,2024-10-01,3,66.59,189.78,76.75
ORD-10296,1138,16,2024-10-02,1,41.43,37.29,4.51
ORD-11399,1139,104,2024-10-02,1,160.45,152.43,50.27
ORD-10312,1140,2,2024-10-03,4,142.59,570.36,244.78
ORD-10512,1141,23,2024-10-03,3,37.56,101.41,27.65
ORD-10767,1142,18,2024-10-03,4,287.66,1093.11,386.94
ORD-11092,1143,20,2024-10-03,3,55.82,159.09,63.02
ORD-11797,1144,24,2024-10-03,6,7.06,33.89,5.22
ORD-10517,1145,38,2024-10-04,2,16.71,31.75,2.08
ORD-10999,1146,15,2024-10-04,10,8.48,76.32,17.12
ORD-11749,1147,28,2024-10-04,5,113.75,540.31,207.76
ORD-11228,1148,6,2024-10-05,8,88.37,671.61,230.95
ORD-10412,1149,12,2024-10-06,3,5.9,16.82,-6.36
ORD-10504,1150,11,2024-10-06,1,37.98,34.18,7.97
ORD-10988,1151,14,2024-10-06,5,34.24,154.08,48.23
ORD-11136,1152,14,2024-10-06,1,99.45,84.53,26.98
ORD-11883,1153,23,2024-10-06,10,53.93,512.33,196.06
ORD-10119,1154,58,2024-10-08,6,16.76,95.53,36.81
ORD-10021,1155,44,2024-10-09,4,20.47,73.69,20.95
ORD-10663,1156,28,2024-10-09,3,135.35,385.75,150.31
ORD-11018,1157,32,2024-10-09,4,13.9,55.6,18.8
ORD-11739,1158,1,2024-10-09,4,58.38,233.52,91.69
ORD-11774,1159,58,2024-10-09,2,21.81,39.26,5.24
ORD-11881,1160,43,2024-10-09,8,48.56,369.06,150.47
ORD-11965,1161,17,2024-10-09,1,371.21,334.09,105.76
ORD-10520,1162,17,2024-10-10,10,345.3,2762.4,657.86
ORD-10877,1163,80,2024-10-10,3,51.23,115.27,28.82
ORD-11475,1164,76,2024-10-10,8,35.17,267.29,72.75
ORD-10523,1165,109,2024-10-11,2,66.94,133.88,57.82
ORD-10833,1166,48,2024-10-11,1,26.72,26.72,2.98
ORD-10871,1167,10,2024-10-11,9,115.8,833.76,181.94
ORD-11209,1168,12,2024-10-11,2,9.28,14.85,-1.54
ORD-11542,1169,7,2024-10-11,3,17.78,53.34,15.87
ORD-11783,1170,18,2024-10-13,4,275.12,1045.46,371.23
ORD-11994,1171,4,2024-10-13,5,53.38,240.21,81.82
ORD-10391,1172,109,2024-10-14,2,77.59,139.66,46.78
ORD-11714,1173,130,2024-10-14,6,7.0,39.9,2.91
ORD-11851,1174,11,2024-10-14,1,61.38,55.24,13.87
ORD-10162,1175,21,2024-10-15,7,9.79,47.97,1.33
ORD-10416,1176,38,2024-10-15,1,8.54,8.54,-2.72
ORD-10038,1177,44,2024-10-16,1,26.92,22.88,2.51
ORD-10168,1178,20,2024-10-17,1,29.08,24.72,-1.8
ORD-10580,1179,4,2024-10-17,9,45.48,327.46,91.9
ORD-11269,1180,12,2024-10-17,1,4.87,4.14,-10.48
ORD-11341,1181,48,2024-10-18,3,19.93,44.84,-1.61
ORD-10939,1182,17,2024-10-19,1,239.53,179.65,23.91
ORD-11623,1183,32,2024-10-19,1,17.33,13.0,-6.08
ORD-11874,1184,18,2024-10-19,1,292.37,248.51,67.47
ORD-11864,1185,26,2024-10-21,1,13.36,13.36,0.03
ORD-10540,1186,38,2024-10-23,3,12.11,36.33,5.95
ORD-11054,1187,104,2024-10-23,5,94.04,446.69,150.37
ORD-10443,1188,8,2024-10-24,1,40.25,38.24,3.61
ORD-10449,1189,48,2024-10-24,2,24.54,41.72,4.16
ORD-11822,1190,28,2024-10-25,2,96.97,164.85,49.19
ORD-11836,1191,38,2024-10-25,7,16.12,95.91,33.01
ORD-10453,1192,48,2024-10-26,2,36.84,58.94,7.57
ORD-10707,1193,16,2024-10-26,1,130.63,104.5,27.34
ORD-11037,1194,109,2024-10-26,7,46.74,294.46,118.38
ORD-11807,1195,8,2024-10-26,2,38.76,73.64,24.32
ORD-10088,1196,10,2024-10-27,3,87.75,236.93,67.88
ORD-10693,1197,3,2024-10-27,8,10.52,67.33,10.24
ORD-10912,1198,26,2024-10-27,3,13.97,41.91,12.33
ORD-11170,1199,4,2024-10-27,5,51.41,244.2,86.39
ORD-11627,1200,48,2024-10-27,4,23.76,95.04,28.16
ORD-11615,1201,43,2024-10-28,1,47.84,45.45,10.19
ORD-11267,1202,46,2024-10-29,3,45.95,117.17,25.4
ORD-11455,1203,58,2024-10-29,7,16.16,113.12,43.49
ORD-10659,1204,34,2024-10-30,2,39.32,74.71,21.8
ORD-10944,1205,141,2024-10-30,3,210.89,601.04,209.66
ORD-11319,1206,3,2024-10-30,9,11.89,96.31,22.56
ORD-10217,1207,5,2024-10-31,2,177.54,266.31,46.31
ORD-10621,1208,109,2024-10-31,12,42.25,507.0,230.46
ORD-10765,1209,24,2024-10-31,2,10.34,18.61,-2.12
ORD-11451,1210,27,2024-10-31,2,54.34,97.81,20.95
ORD-11502,1211,44,2024-10-31,12,61.78,704.29,313.26
ORD-11716,1212,26,2024-10-31,2,17.35,34.7,4.94
ORD-11618,1213,130,2024-11-01,2,8.29,16.58,0.35
ORD-11146,1214,27,2024-11-02,5,83.62,397.19,133.61
ORD-11252,1215,2,2024-11-02,2,144.76,246.09,75.58
ORD-10389,1216,6,2024-11-05,1,88.95,84.5,24.03
ORD-10405,1217,27,2024-11-05,1,44.69,44.69,7.24
ORD-10539,440,14,2024-11-05,2,106.07,190.93,71.92
ORD-10924,1219,76,2024-11-05,3,55.43,141.35,27.84
ORD-11853,1220,8,2024-11-05,7,58.73,411.11,165.83
ORD-10061,1221,17,2024-11-06,9,215.11,1645.59,460.6
ORD-10014,1222,2,2024-11-07,3,86.2,232.74,79.67
ORD-10865,1223,80,2024-11-07,4,21.57,77.65,22.97
ORD-11296,1224,7,2024-11-07,5,20.84,104.2,41.92
ORD-10193,1225,130,2024-11-08,2,6.32,12.64,-1.61
ORD-10433,1226,76,2024-11-09,1,40.91,32.73,-3.82
ORD-10638,1227,141,2024-11-09,8,171.68,1236.1,395.07
ORD-10785,1228,104,2024-11-09,2,288.51,577.02,217.49
ORD-10794,1229,44,2024-11-09,4,57.02,205.27,83.81
ORD-11629,1230,11,2024-11-09,3,58.15,165.73,64.14
ORD-11790,1231,12,2024-11-09,14,7.5,105.0,36.85
ORD-10120,1232,4,2024-11-10,2,56.22,106.82,35.15
ORD-10415,1233,18,2024-11-13,5,186.09,790.88,220.89
ORD-10633,1234,23,2024-11-13,1,57.7,57.7,18.02
ORD-10715,1235,8,2024-11-14,4,74.26,297.04,122.43
ORD-11371,1236,89,2024-11-15,4,66.35,252.13,93.57
ORD-11223,1237,16,2024-11-16,1,45.27,43.01,13.65
ORD-11617,1238,24,2024-11-16,2,6.86,13.72,-0.55
ORD-10150,1239,59,2024-11-17,7,123.89,867.23,370.69
ORD-10151,1240,32,2024-11-17,1,15.77,14.19,-1.69
ORD-10400,1241,26,2024-11-17,1,8.27,7.03,-2.29
ORD-10830,1242,20,2024-11-17,11,36.18,358.18,143.16
ORD-11902,1243,38,2024-11-17,3,13.86,41.58,9.82
ORD-10243,1244,76,2024-11-18,4,36.53,138.81,37.84
ORD-10048,1245,4,2024-11-19,1,40.91,34.77,2.09
ORD-10401,1246,89,2024-11-20,3,62.77,188.31,72.94
ORD-11327,1247,7,2024-11-20,4,9.84,35.42,3.93
ORD-11039,1248,89,2024-11-21,2,39.61,63.38,9.61
ORD-11369,1249,80,2024-11-21,1,31.83,27.06,-0.32
ORD-11506,1250,5,2024-11-21,5,239.49,1137.58,401.23
ORD-11590,1251,12,2024-11-21,6,6.5,31.2,-3.04
ORD-11943,1252,16,2024-11-21,5,79.16,336.43,125.84
ORD-11207,1253,23,2024-11-22,10,46.43,417.87,140.11
ORD-11758,1254,104,2024-11-22,6,259.75,1558.5,612.71
ORD-10469,1255,8,2024-11-24,5,60.7,257.97,74.84
ORD-10669,1256,26,2024-11-24,2,14.78,29.56,9.3
ORD-11335,1257,24,2024-11-24,1,13.3,13.3,-0.57
ORD-10533,1258,80,2024-11-25,4,18.59,70.64,24.38
ORD-10567,1259,14,2024-11-25,7,75.25,474.07,190.72
ORD-10093,1260,6,2024-11-26,3,181.78,518.07,179.52
ORD-11257,1261,3,2024-11-26,5,15.61,74.15,24.4
ORD-11445,1262,7,2024-11-26,2,11.05,21.0,2.41
ORD-10239,1263,21,2024-11-28,1,6.95,6.25,-2.66
ORD-11043,1264,21,2024-11-28,7,17.17,96.15,17.62
ORD-11113,1265,44,2024-11-28,2,50.22,90.4,30.69
ORD-10046,1266,23,2024-11-29,1,66.12,52.9,7.76
ORD-10543,1267,43,2024-11-30,4,36.61,109.83,25.39
ORD-10602,1268,89,2024-11-30,12,54.74,591.19,210.96
ORD-10969,1269,16,2024-11-30,7,81.97,573.79,269.87
ORD-11869,1270,104,2024-11-30,6,120.71,688.05,236.87
ORD-10491,1271,28,2024-12-01,6,62.59,375.54,145.71
ORD-11211,1272,89,2024-12-02,8,63.14,429.35,132.07
ORD-10436,1273,80,2024-12-03,6,38.82,197.98,62.49
ORD-10701,1274,17,2024-12-03,1,446.58,379.59,101.05
ORD-11338,1275,43,2024-12-03,3,24.35,62.09,17.46
ORD-11778,1276,32,2024-12-05,6,7.36,39.74,1.3
ORD-11973,1277,5,2024-12-05,3,250.01,675.03,217.09
ORD-11980,1278,26,2024-12-06,1,16.46,12.35,-6.54
ORD-10073,1279,34,2024-12-08,2,66.53,126.41,50.5
ORD-10134,1280,80,2024-12-08,3,45.43,136.29,58.19
ORD-11792,1281,32,2024-12-08,2,11.64,23.28,4.29
ORD-10160,1282,2,2024-12-09,4,171.86,687.44,295.87
ORD-10178,1283,23,2024-12-09,1,36.61,32.95,2.08
ORD-10690,1284,109,2024-12-09,3,25.68,77.04,28.08
ORD-10812,1285,109,2024-12-09,4,55.09,220.36,92.77
ORD-11514,1286,21,2024-12-10,1,14.87,13.38,-3.42
ORD-11709,1287,5,2024-12-10,6,282.23,1608.71,572.66
ORD-10624,1288,12,2024-12-11,6,5.74,29.27,-3.21
ORD-10742,1289,26,2024-12-11,12,10.53,101.09,11.4
ORD-11067,1290,10,2024-12-11,3,76.16,217.06,71.72
ORD-10494,1291,27,2024-12-13,4,84.66,321.71,104.98
ORD-11384,1292,44,2024-12-13,12,44.66,509.12,227.04
ORD-10645,1293,17,2024-12-14,2,329.54,659.08,251.09
ORD-10666,1294,3,2024-12-14,5,5.79,27.5,-4.26
ORD-10759,1295,12,2024-12-14,6,6.27,35.74,-0.55
ORD-11276,1296,38,2024-12-14,3,8.94,22.8,-4.18
ORD-11950,1297,8,2024-12-14,5,39.27,137.44,9.97
ORD-10994,1298,32,2024-12-15,7,13.74,91.37,26.14
ORD-11908,1299,130,2024-12-15,4,12.49,47.46,10.22
ORD-10741,1300,11,2024-12-16,4,38.77,155.08,64.97
ORD-11476,1301,6,2024-12-16,1,173.33,156.0,43.35
ORD-10260,1302,76,2024-12-17,4,66.19,251.52,80.57
ORD-10967,1303,28,2024-12-18,2,72.64,130.75,38.51
ORD-11242,1304,104,2024-12-18,10,253.85,2538.5,992.84
ORD-10029,1305,3,2024-12-20,6,12.47,71.08,29.08
ORD-10815,1306,23,2024-12-21,1,70.9,70.9,20.39
ORD-11948,1307,38,2024-12-21,1,6.45,6.13,-4.33
ORD-10588,1308,109,2024-12-23,2,69.3,138.6,58.23
ORD-10761,1309,5,2024-12-23,7,212.35,1189.16,283.25
ORD-11477,1310,10,2024-12-23,2,76.2,144.78,44.46
ORD-11880,1311,23,2024-12-24,1,44.65,42.42,4.77
ORD-11764,1312,3,2024-12-25,3,13.27,29.86,-0.39
ORD-11426,1313,2,2024-12-26,1,105.02,94.52,25.19
ORD-11195,1314,20,2024-12-27,7,49.09,343.63,153.66
ORD-11309,1315,17,2024-12-27,4,416.86,1667.44,653.71
ORD-10654,1316,44,2024-12-30,7,20.15,126.94,34.22
ORD-11517,1317,32,2024-12-30,2,12.97,22.05,-4.03
ORD-10241,1318,48,2024-12-31,2,47.58,80.89,17.37
ORD-10808,1319,15,2024-12-31,5,22.51,106.92,36.52
ORD-10899,84,104,2025-01-01,1,142.21,142.21,49.93
ORD-11129,1321,46,2025-01-01,2,60.18,120.36,45.83
ORD-10026,1322,8,2025-01-02,3,44.45,113.35,23.67
ORD-11083,1323,141,2025-01-02,7,234.12,1638.84,644.77
ORD-10948,1324,141,2025-01-03,1,115.76,104.18,28.26
ORD-11036,1325,17,2025-01-03,3,219.08,624.38,213.07
ORD-11331,1326,7,2025-01-03,2,23.83,47.66,17.34
ORD-10975,1327,141,2025-01-04,5,127.03,603.39,205.81
ORD-10074,1328,34,2025-01-05,6,26.43,150.65,63.26
ORD-11866,1329,3,2025-01-05,1,9.21,7.37,-7.94
ORD-10807,1330,38,2025-01-06,4,9.43,30.18,0.38
ORD-11852,1331,7,2025-01-06,3,18.18,54.54,22.73
ORD-10259,1332,89,2025-01-08,4,45.26,181.04,74.23
ORD-10973,1333,32,2025-01-08,2,12.48,22.46,-1.16
ORD-10497,1334,7,2025-01-09,3,9.4,26.79,2.86
ORD-11804,1335,38,2025-01-09,3,9.86,26.62,5.62
ORD-11381,1336,23,2025-01-10,3,73.19,197.61,64.49
ORD-10668,1337,26,2025-01-11,12,11.27,121.72,41.82
ORD-10970,1338,11,2025-01-12,10,56.84,539.98,231.02
ORD-11364,1339,11,2025-01-12,3,17.66,52.98,19.79
ORD-10699,1340,1,2025-01-14,5,185.01,925.05,405.16
ORD-11901,1341,14,2025-01-16,5,82.49,371.2,152.66
ORD-11236,1342,6,2025-01-17,6,71.81,409.32,135.25
ORD-10215,1343,89,2025-01-18,5,67.72,338.6,138.19
ORD-10702,1344,3,2025-01-19,2,5.74,9.18,-9.01
ORD-11730,1345,4,2025-01-19,4,87.29,349.16,144.28
ORD-11359,1346,59,2025-01-20,2,95.46,171.83,52.48
ORD-11600,1347,27,2025-01-20,1,32.2,32.2,1.64
ORD-11282,1348,104,2025-01-21,1,266.33,239.7,67.09
ORD-11421,1349,18,2025-01-22,8,162.73,1236.75,433.73
ORD-10655,1350,130,2025-01-24,4,9.15,36.6,6.03
ORD-11194,1351,109,2025-01-24,2,31.26,53.14,11.55
ORD-11403,1352,104,2025-01-24,5,186.71,793.52,222.06
ORD-11606,1353,85,2025-01-24,4,49.36,157.95,26.9
ORD-10601,1354,6,2025-01-25,3,68.02,173.45,35.36
ORD-10022,1355,27,2025-01-26,4,79.25,253.6,45.17
ORD-10249,1356,89,2025-01-26,1,43.25,41.09,11.68
ORD-11042,1357,18,2025-01-26,2,306.48,612.96,233.88
ORD-11893,1358,48,2025-01-26,2,52.22,88.77,21.45
ORD-11930,1359,85,2025-01-26,1,16.32,14.69,-4.47
ORD-11957,1360,28,2025-01-26,6,92.96,557.76,240.88
ORD-11351,1361,8,2025-01-29,7,63.72,356.83,84.2
ORD-11115,1362,104,2025-01-30,1,291.52,291.52,107.83
ORD-11122,1363,34,2025-02-01,3,62.51,150.02,43.31
ORD-11138,1364,59,2025-02-02,1,72.27,65.04,16.07
ORD-10308,1365,59,2025-02-03,1,62.62,56.36,10.63
ORD-10644,1366,10,2025-02-03,7,46.41,243.65,36.49
ORD-10805,1367,80,2025-02-05,4,27.85,105.83,31.22
ORD-10993,1368,80,2025-02-05,6,35.29,201.15,77.82
ORD-11056,1369,2,2025-02-05,2,148.04,281.28,108.85
ORD-11509,1370,109,2025-02-05,5,26.79,133.95,48.37
ORD-11689,1371,34,2025-02-07,2,27.73,49.91,10.48
ORD-11732,1372,21,2025-02-07,4,9.42,35.8,4.33
ORD-10604,1373,1,2025-02-08,1,119.38,119.38,43.99
ORD-11436,1374,4,2025-02-08,3,57.05,145.48,40.49
ORD-10802,1375,26,2025-02-10,8,14.06,95.61,21.58
ORD-11496,1376,109,2025-02-10,5,51.1,229.95,91.16
ORD-10611,1377,20,2025-02-11,1,26.45,22.48,3.17
ORD-11694,1378,32,2025-02-11,1,15.54,11.65,-2.05
ORD-10506,1379,76,2025-02-12,1,42.63,42.63,9.88
ORD-10509,1380,5,2025-02-12,1,302.08,271.87,84.45
ORD-11744,1381,85,2025-02-14,3,22.63,64.5,11.49
ORD-11876,1382,76,2025-02-14,2,60.59,121.18,40.48
ORD-10814,1383,15,2025-02-15,2,16.2,29.16,8.08
ORD-11350,1384,1,2025-02-15,1,230.1,218.59,84.74
ORD-11408,1385,4,2025-02-17,7,78.3,465.88,138.45
ORD-11839,1386,10,2025-02-18,3,46.46,111.5,19.14
ORD-10079,1387,44,2025-02-19,3,53.74,145.1,48.33
ORD-11001,1388,12,2025-02-20,1,3.03,2.42,-10.1
ORD-11801,1389,21,2025-02-20,1,15.32,15.32,-2.44
ORD-11897,1390,89,2025-02-20,1,47.45,37.96,3.14
ORD-11919,1391,24,2025-02-20,1,12.93,12.93,-1.83
ORD-10730,1392,16,2025-02-21,1,71.91,68.31,25.09
ORD-11412,1393,2,2025-02-21,1,167.77,167.77,65.43
ORD-10873,1394,16,2025-02-22,2,61.54,123.08,49.2
ORD-11472,1395,2,2025-02-22,1,146.2,138.89,50.59
ORD-11818,1396,85,2025-02-24,1,40.32,36.29,2.81
ORD-10035,1397,1,2025-02-25,6,228.0,1162.8,389.06
ORD-11120,1398,1,2025-02-25,9,107.1,963.9,409.0
ORD-10647,1399,38,2025-02-26,1,11.74,11.15,-1.29
ORD-11796,1400,59,2025-02-26,2,182.51,346.77,135.52
ORD-10657,1401,46,2025-02-27,7,59.14,351.88,100.66
ORD-11443,1402,18,2025-02-28,2,239.93,479.86,184.96
ORD-10481,1403,4,2025-03-01,2,48.49,87.28,21.08
ORD-11017,1404,48,2025-03-01,4,45.77,164.77,50.67
ORD-11755,1405,24,2025-03-03,6,14.68,74.87,19.89
ORD-10317,1406,18,2025-03-05,4,163.97,655.88,245.6
ORD-11275,1407,14,2025-03-05,3,55.66,158.63,58.41
ORD-11471,1408,59,2025-03-05,1,112.7,107.06,38.99
ORD-11595,1409,4,2025-03-05,4,71.02,241.47,77.82
ORD-11821,1410,12,2025-03-06,3,3.72,11.16,-3.11
ORD-10905,1411,21,2025-03-07,2,11.45,21.75,-0.4
ORD-11427,1412,38,2025-03-07,6,14.94,76.19,25.45
ORD-11511,1413,4,2025-03-07,1,52.34,49.72,13.09
ORD-11727,1414,141,2025-03-08,6,128.18,730.63,253.22
ORD-10519,1415,3,2025-03-09,1,7.4,7.4,-3.98
ORD-11845,1416,21,2025-03-09,1,12.48,11.23,0.09
ORD-11166,1417,17,2025-03-10,1,418.59,418.59,154.97
ORD-10619,1418,23,2025-03-11,2,28.19,53.56,10.23
ORD-11249,1419,89,2025-03-12,9,45.95,330.84,78.83
ORD-11308,1420,11,2025-03-14,1,48.23,48.23,17.9
ORD-10159,1421,24,2025-03-15,5,13.18,52.72,10.93
ORD-10247,1422,80,2025-03-15,1,17.18,17.18,1.44
ORD-10444,1423,6,2025-03-15,2,135.69,244.24,72.99
ORD-10136,1424,43,2025-03-16,1,34.17,32.46,6.68
ORD-10387,1425,4,2025-03-16,2,51.32,82.11,13.75
ORD-10751,1426,14,2025-03-16,9,64.33,550.02,237.92
ORD-11820,1427,141,2025-03-17,3,137.47,371.17,111.02
ORD-10538,1428,44,2025-03-18,1,61.85,61.85,19.77
ORD-11584,1429,23,2025-03-18,4,67.37,242.53,78.51
ORD-11281,1430,4,2025-03-19,3,81.59,232.53,90.6
ORD-10348,1431,85,2025-03-20,3,48.66,138.68,39.59
ORD-10585,1432,58,2025-03-20,7,29.97,199.3,78.84
ORD-10889,1433,46,2025-03-21,1,29.02,27.57,-0.26
ORD-10987,1434,27,2025-03-22,2,78.8,149.72,43.97
ORD-11487,1435,4,2025-03-22,2,67.91,135.82,52.14
ORD-11238,1436,7,2025-03-25,3,17.48,47.2,15.69
ORD-10894,1437,11,2025-03-26,2,55.31,99.56,33.63
ORD-11005,1438,48,2025-03-26,5,25.46,120.94,34.56
ORD-11310,1439,32,2025-03-26,4,19.04,72.35,24.2
ORD-11862,1440,85,2025-03-26,2,29.19,46.7,-0.04
ORD-11221,1441,28,2025-03-27,2,136.48,232.02,66.47
ORD-11757,1442,21,2025-03-27,2,20.22,30.33,1.44
ORD-11860,1443,48,2025-03-27,2,48.96,93.02,30.06
ORD-10337,1444,44,2025-03-28,1,47.73,45.34,15.54
ORD-11695,1445,17,2025-03-29,1,268.81,215.05,43.39
ORD-10774,1446,46,2025-03-30,9,50.88,412.13,142.93
ORD-11193,1447,46,2025-03-30,4,43.48,156.53,51.41
ORD-10331,1448,10,2025-03-31,5,45.17,225.85,73.9
ORD-10704,1449,1,2025-03-31,1,77.8,66.13,14.08
ORD-11754,1450,32,2025-03-31,11,14.79,122.02,25.7
ORD-10976,1451,26,2025-04-01,6,17.83,101.63,32.09
ORD-10087,1452,5,2025-04-02,8,222.57,1780.56,701.93
ORD-11637,1453,89,2025-04-02,3,42.99,128.97,51.15
ORD-11935,1454,32,2025-04-02,14,11.48,160.72,48.57
ORD-10541,1455,46,2025-04-04,3,25.43,72.48,19.18
ORD-11429,1456,85,2025-04-04,2,34.92,69.84,16.02
ORD-11614,1457,11,2025-04-04,3,24.3,69.25,22.03
ORD-11856,1458,7,2025-04-04,2,13.42,25.5,1.04
ORD-10255,1459,48,2025-04-05,2,42.23,76.01,20.04
ORD-10906,1460,48,2025-04-05,4,53.71,193.36,61.44
ORD-11368,1461,46,2025-04-05,7,23.09,161.63,51.89
ORD-10300,1462,2,2025-04-06,4,164.84,626.39,252.39
ORD-10803,1463,1,2025-04-06,1,219.67,219.67,91.14
ORD-10264,1464,26,2025-04-07,4,16.1,48.3,6.24
ORD-10615,1465,14,2025-04-07,1,90.62,77.03,24.24
ORD-11666,1466,38,2025-04-07,2,9.78,16.63,-2.25
ORD-10778,1467,5,2025-04-08,6,154.97,836.84,265.01
ORD-11647,1468,7,2025-04-08,2,20.57,39.08,7.94
ORD-11591,1469,1,2025-04-09,1,116.2,116.2,44.7
ORD-11057,1470,8,2025-04-10,5,27.29,122.8,27.51
ORD-11127,1471,141,2025-04-10,4,128.7,514.8,195.65
ORD-11410,1472,28,2025-04-10,3,93.28,251.86,79.95
ORD-10123,1473,6,2025-04-11,1,193.39,174.05,45.96
ORD-11126,1474,80,2025-04-11,11,31.57,329.91,131.63
ORD-11157,1475,76,2025-04-11,9,33.73,258.03,61.93
ORD-11219,1476,21,2025-04-11,1,14.71,13.24,-5.07
ORD-11438,1477,59,2025-04-11,1,115.93,110.13,37.08
ORD-11493,1478,11,2025-04-11,1,39.65,39.65,8.81
ORD-10684,1479,38,2025-04-12,1,13.25,12.59,0.94
ORD-11089,1480,26,2025-04-12,3,9.38,26.73,5.12
ORD-11190,1481,23,2025-04-12,4,55.11,198.4,63.32
ORD-11312,1482,59,2025-04-12,3,60.01,162.03,51.77
ORD-11485,1483,32,2025-04-12,2,19.7,35.46,7.34
ORD-10148,1484,130,2025-04-13,1,8.77,7.02,-8.07
ORD-10679,1485,8,2025-04-13,2,44.96,89.92,28.98
ORD-11027,1486,26,2025-04-13,4,19.2,69.12,21.65
ORD-10990,1487,17,2025-04-14,2,165.71,331.42,120.15
ORD-11848,1488,59,2025-04-14,1,155.22,131.94,39.75
ORD-10080,1489,1,2025-04-16,2,238.98,454.06,178.79
ORD-10187,1490,26,2025-04-17,1,14.87,12.64,-6.98
ORD-10198,1491,3,2025-04-17,2,12.81,25.62,-0.17
ORD-11003,1492,3,2025-04-18,2,14.06,23.9,0.49
ORD-11524,1493,12,2025-04-18,1,9.33,9.33,-0.92
ORD-11540,1494,16,2025-04-18,10,147.28,1472.8,709.01
ORD-11554,1495,14,2025-04-18,2,32.49,61.73,17.99
ORD-11278,1496,6,2025-04-19,4,67.49,242.96,69.27
ORD-11829,1167,18,2025-04-19,7,294.09,2058.63,808.35
ORD-10966,1498,89,2025-04-20,5,61.12,244.48,54.39
ORD-11078,1499,46,2025-04-20,4,46.7,186.8,67.01
ORD-11656,1500,48,2025-04-20,4,25.36,81.15,10.96
ORD-10634,1501,10,2025-04-21,13,84.96,938.81,244.05
ORD-11841,1502,3,2025-04-21,1,15.62,15.62,1.99
ORD-10172,1503,59,2025-04-22,3,155.55,466.65,200.48
ORD-10626,1504,58,2025-04-22,2,10.67,18.14,-5.55
ORD-11577,1505,141,2025-04-22,3,138.55,415.65,157.24
ORD-10027,1506,4,2025-04-24,2,76.94,138.49,40.92
ORD-11416,1507,89,2025-04-25,10,31.3,281.7,93.19
ORD-11879,1508,5,2025-04-25,2,320.6,641.2,244.38
ORD-10854,1509,2,2025-04-26,1,172.2,172.2,65.11
ORD-10244,1510,104,2025-04-27,2,163.76,278.39,70.73
ORD-10756,1511,8,2025-04-27,2,36.57,62.17,13.41
ORD-10289,1512,48,2025-04-28,7,19.93,125.56,28.08
ORD-10982,1513,32,2025-04-28,1,9.5,8.55,-4.03
ORD-11772,1514,32,2025-04-28,8,17.87,114.37,31.27
ORD-10371,1515,32,2025-04-30,3,11.65,29.71,2.18
ORD-10856,1516,59,2025-04-30,1,136.78,123.1,40.78
ORD-10191,1517,44,2025-05-01,9,25.8,232.2,98.99
ORD-11469,1518,14,2025-05-01,8,34.0,190.4,39.22
ORD-11952,1519,141,2025-05-01,2,155.18,232.77,37.99
ORD-11041,1520,76,2025-05-02,2,59.73,113.49,31.34
ORD-11317,1521,5,2025-05-02,5,217.51,924.42,255.08
ORD-11405,1522,76,2025-05-03,2,60.6,109.08,25.84
ORD-11819,1523,5,2025-05-03,5,166.65,791.59,277.65
ORD-10293,1524,15,2025-05-04,6,12.86,65.59,14.6
ORD-10485,1525,2,2025-05-04,5,53.7,255.07,88.18
ORD-10490,1526,5,2025-05-04,1,129.14,129.14,39.46
ORD-11756,1527,23,2025-05-04,1,31.62,30.04,5.35
ORD-10135,1528,46,2025-05-06,8,56.61,407.59,146.47
ORD-10698,1529,1,2025-05-06,1,82.26,74.03,17.65
ORD-10911,1530,109,2025-05-06,1,29.71,29.71,3.13
ORD-11206,1531,28,2025-05-06,4,144.04,489.74,163.5
ORD-11578,1532,80,2025-05-07,11,46.45,485.4,219.03
ORD-11677,1533,104,2025-05-07,1,215.75,204.96,64.93
ORD-10081,1534,26,2025-05-08,4,18.4,62.56,13.51
ORD-10618,1535,104,2025-05-08,4,250.2,950.76,336.58
ORD-11389,1536,26,2025-05-08,7,17.16,120.12,47.39
ORD-11495,1537,15,2025-05-08,3,18.94,53.98,13.95
ORD-11913,1538,59,2025-05-08,2,45.23,81.41,18.79
ORD-10002,1539,48,2025-05-09,7,26.13,155.47,40.13
ORD-10324,1540,14,2025-05-09,3,37.7,101.79,38.51
ORD-10849,1541,20,2025-05-09,2,26.13,52.26,11.3
ORD-10039,1542,10,2025-05-10,1,125.15,100.12,16.38
ORD-10158,1543,104,2025-05-10,8,184.19,1399.84,503.45
ORD-10267,1544,21,2025-05-11,3,11.95,34.06,6.72
ORD-11873,1545,21,2025-05-11,1,6.93,6.24,-9.17
ORD-10692,1546,7,2025-05-12,1,10.73,10.19,-1.47
ORD-11014,1547,11,2025-05-12,2,51.67,93.01,33.89
ORD-11563,1548,89,2025-05-12,1,38.97,38.97,8.99
ORD-10764,1549,3,2025-05-13,2,8.5,17.0,-3.86
ORD-11386,1550,16,2025-05-13,1,79.18,67.3,21.13
ORD-11397,1551,20,2025-05-13,4,40.98,147.53,49.18
ORD-11538,1552,109,2025-05-13,2,43.41,86.82,34.7
ORD-11978,1553,23,2025-05-13,1,38.1,36.2,4.12
ORD-11989,1554,43,2025-05-13,4,14.92,56.7,11.72
ORD-11459,1555,6,2025-05-14,2,122.78,208.73,45.7
ORD-10789,1556,5,2025-05-15,8,323.26,2327.47,760.05
ORD-11076,1557,32,2025-05-15,9,18.45,141.14,35.02
ORD-11611,1558,130,2025-05-15,2,5.41,9.74,-6.24
ORD-10470,1559,8,2025-05-16,2,45.5,86.45,27.08
ORD-11729,1560,1,2025-05-16,6,105.75,634.5,266.46
ORD-11916,1561,27,2025-05-16,2,39.94,75.89,12.53
ORD-10328,1562,32,2025-05-17,4,10.58,35.97,6.62
ORD-10583,1563,58,2025-05-17,1,17.94,16.15,0.02
ORD-10482,1564,3,2025-05-18,3,6.54,19.62,3.04
ORD-10685,1565,26,2025-05-18,3,12.72,28.62,-5.38
ORD-10946,1566,43,2025-05-18,1,47.58,42.82,13.26
ORD-11954,1567,38,2025-05-18,2,12.85,25.7,0.75
ORD-10492,1568,38,2025-05-20,5,6.01,25.54,4.09
ORD-10851,1569,18,2025-05-20,5,243.91,1158.57,409.15
ORD-11521,1570,24,2025-05-20,7,7.22,45.49,-2.04
ORD-11571,1571,76,2025-05-20,1,46.37,46.37,5.86
ORD-11528,1572,6,2025-05-21,2,133.23,253.14,86.93
ORD-10122,1573,89,2025-05-22,1,37.58,30.06,1.18
ORD-10612,1574,104,2025-05-22,5,175.88,835.43,294.47
ORD-10163,1575,7,2025-05-24,9,24.53,187.65,60.66
ORD-10406,1576,21,2025-05-24,3,10.15,25.88,-3.88
ORD-10507,1577,85,2025-05-26,1,33.54,33.54,5.45
ORD-11235,1578,5,2025-05-27,4,213.39,810.88,280.23
ORD-10194,1579,141,2025-05-29,5,114.98,459.92,106.85
ORD-10206,1580,11,2025-05-29,6,28.43,162.05,59.82
ORD-10209,1581,38,2025-05-29,3,5.01,15.03,-3.59
ORD-10762,1582,21,2025-05-29,1,9.93,9.43,-0.83
ORD-10390,1583,80,2025-05-30,3,41.25,117.56,46.78
ORD-10534,1584,28,2025-05-30,5,115.16,547.01,213.69
ORD-11645,1585,85,2025-05-30,9,54.27,464.01,149.04
ORD-11536,1586,28,2025-05-31,1,100.53,90.48,25.97
ORD-11725,1587,89,2025-05-31,6,37.44,213.41,74.32
ORD-10181,1588,27,2025-06-01,1,65.87,65.87,19.74
ORD-10423,1589,3,2025-06-01,2,11.24,20.23,3.42
ORD-10784,1590,5,2025-06-01,9,148.46,1202.53,373.97
ORD-11616,1591,130,2025-06-02,2,10.07,17.12,1.94
ORD-10597,1592,1,2025-06-03,2,159.65,303.33,119.33
ORD-10974,1593,7,2025-06-03,1,11.67,10.5,-0.91
ORD-11013,1594,80,2025-06-03,2,16.7,28.39,0.28
ORD-11486,1595,18,2025-06-03,5,408.13,1734.55,502.04
ORD-10622,1596,11,2025-06-04,3,22.94,65.38,17.25
ORD-11736,1597,141,2025-06-04,6,112.24,606.1,186.8
ORD-11844,1598,104,2025-06-05,2,133.72,254.07,80.06
ORD-11985,1599,2,2025-06-05,4,132.14,396.42,89.06
ORD-10777,1600,1,2025-06-06,10,177.5,1775.0,783.69
ORD-11116,1601,28,2025-06-06,3,91.93,262.0,93.22
ORD-10270,1602,3,2025-06-07,3,9.72,29.16,2.34
ORD-11392,1603,8,2025-06-07,1,52.67,50.04,12.47
ORD-11662,1604,12,2025-06-07,1,3.44,2.58,-5.66
ORD-11722,1605,20,2025-06-07,5,16.98,72.17,19.34
ORD-11050,1606,3,2025-06-08,4,6.96,23.66,-3.02
ORD-11800,1607,80,2025-06-08,2,49.74,99.48,35.54
ORD-10304,1608,38,2025-06-10,1,14.71,13.24,-5.54
ORD-10428,1609,6,2025-06-10,1,126.48,120.16,34.92
ORD-11134,1610,27,2025-06-10,2,81.06,145.91,39.06
ORD-11313,1611,28,2025-06-11,1,95.57,66.9,7.79
ORD-11243,1612,6,2025-06-12,1,177.19,159.47,45.27
ORD-11097,1613,5,2025-06-14,1,134.93,114.69,22.24
ORD-11105,1614,2,2025-06-14,8,84.99,645.92,255.43
ORD-11878,1615,27,2025-06-14,2,89.6,170.24,52.84
ORD-10357,1616,24,2025-06-16,1,4.99,4.99,-3.6
ORD-11377,1617,89,2025-06-16,2,24.99,47.48,9.47
ORD-10617,1618,27,2025-06-17,1,32.11,25.69,-3.69
ORD-10797,1619,14,2025-06-18,1,39.86,39.86,8.15
ORD-10886,1620,11,2025-06-18,4,44.68,160.85,58.7
ORD-11185,1621,15,2025-06-18,1,19.01,16.16,-1.83
ORD-11382,1622,18,2025-06-18,7,422.4,2069.76,280.17
ORD-10870,1623,17,2025-06-19,3,227.94,683.82,263.67
ORD-10535,1624,46,2025-06-20,1,22.46,21.34,-0.84
ORD-10570,1625,130,2025-06-20,2,11.32,22.64,2.43
ORD-11320,1626,27,2025-06-20,2,56.68,96.36,19.98
ORD-10735,1627,10,2025-06-21,2,125.68,226.22,63.38
ORD-10200,1628,104,2025-06-22,6,111.51,568.7,155.69
ORD-10776,1629,8,2025-06-22,2,27.7,41.55,2.3
ORD-11022,1630,26,2025-06-22,1,12.26,11.03,-5.33
ORD-10033,1631,141,2025-06-23,5,166.9,625.88,106.32
ORD-11875,1632,89,2025-06-23,1,51.63,51.63,15.43
ORD-11958,1633,6,2025-06-23,1,144.89,130.4,35.38
ORD-10564,1634,3,2025-06-24,7,13.53,94.71,32.07
ORD-10630,1635,15,2025-06-24,4,18.9,60.48,10.34
ORD-10639,1636,38,2025-06-24,1,16.31,16.31,0.2
ORD-11585,1637,109,2025-06-24,2,70.84,120.43,42.51
ORD-11963,1638,21,2025-06-24,5,19.61,78.44,24.01
ORD-10522,1639,104,2025-06-25,8,284.78,2164.33,771.41
ORD-11032,1640,1,2025-06-25,11,61.31,640.69,235.94
ORD-11425,1641,48,2025-06-25,3,22.6,61.02,17.22
ORD-11602,1642,21,2025-06-25,4,7.06,28.24,1.91
ORD-11865,1643,89,2025-06-25,1,34.77,34.77,3.89
ORD-11907,1644,80,2025-06-25,6,17.93,96.82,27.69
ORD-10232,1645,44,2025-06-27,6,65.25,371.92,167.66
ORD-10829,809,8,2025-06-27,2,38.03,72.26,21.14
ORD-10914,1647,80,2025-06-27,3,53.91,161.73,68.74
ORD-10656,1648,89,2025-06-28,4,40.01,160.04,55.6
ORD-11872,1649,8,2025-06-28,9,58.82,502.91,186.05
ORD-10834,1650,3,2025-06-30,2,8.98,16.16,-1.58
ORD-11775,1651,85,2025-06-30,3,29.12,87.36,23.53
ORD-10479,1652,85,2025-07-02,4,17.48,62.93,8.2
ORD-10161,1653,7,2025-07-03,1,12.16,11.55,-0.5
ORD-10596,1654,38,2025-07-03,8,17.67,127.22,38.37
ORD-11574,1655,10,2025-07-03,1,94.65,85.19,19.49
ORD-10859,1656,10,2025-07-04,2,49.81,99.62,31.33
ORD-10285,1657,89,2025-07-06,1,42.35,40.23,10.13
ORD-10995,1658,58,2025-07-06,1,9.44,9.44,-4.7
ORD-11291,1659,48,2025-07-06,4,16.22,48.66,-3.65
ORD-11983,1660,27,2025-07-06,6,75.93,432.8,142.03
ORD-10553,1661,7,2025-07-07,5,10.74,51.02,10.97
ORD-11640,1662,43,2025-07-07,3,13.01,39.03,4.57
ORD-10101,1663,32,2025-07-08,12,15.36,175.1,53.86
ORD-11004,1664,2,2025-07-08,1,59.17,59.17,15.55
ORD-11114,1665,80,2025-07-10,2,40.96,81.92,32.89
ORD-11388,1666,10,2025-07-12,1,117.46,105.71,23.54
ORD-10526,1667,6,2025-07-13,4,96.5,308.8,61.8
ORD-10740,1668,58,2025-07-13,7,12.71,88.97,33.23
ORD-11305,1669,20,2025-07-13,5,38.49,192.45,78.89
ORD-11937,1670,17,2025-07-13,5,431.91,2051.57,746.09
ORD-10959,1671,11,2025-07-14,3,46.07,138.21,54.93
ORD-11527,1672,11,2025-07-14,2,15.72,28.3,3.38
ORD-10192,1673,76,2025-07-15,4,27.46,109.84,32.2
ORD-10465,1674,5,2025-07-15,1,239.62,203.68,50.51
ORD-10782,1675,85,2025-07-15,2,59.54,113.13,32.22
ORD-11016,1676,10,2025-07-15,1,77.09,73.24,17.71
ORD-11150,1677,48,2025-07-16,12,29.22,280.51,55.09
ORD-11213,1678,14,2025-07-16,2,94.59,170.26,63.38
ORD-11630,1679,15,2025-07-16,2,22.61,36.18,4.16
ORD-10089,1680,5,2025-07-17,2,178.14,356.28,132.7
ORD-10598,1681,104,2025-07-17,4,274.79,1044.2,366.2
ORD-10094,1682,85,2025-07-18,2,29.02,43.53,0.33
ORD-11072,1683,2,2025-07-18,7,143.11,751.33,180.66
ORD-10603,1684,16,2025-07-19,8,94.55,680.76,280.47
ORD-10875,1685,17,2025-07-19,4,367.48,1322.93,431.15
ORD-11516,1686,17,2025-07-19,2,196.01,392.02,147.72
ORD-11854,1687,46,2025-07-19,1,44.78,40.3,6.82
ORD-10205,1688,20,2025-07-20,7,41.19,230.66,72.7
ORD-10334,1689,14,2025-07-20,1,30.37,28.85,3.05
ORD-10895,1690,23,2025-07-20,1,46.12,43.81,7.46
ORD-11012,1691,6,2025-07-20,7,123.59,865.13,328.53
ORD-11063,1692,14,2025-07-21,2,85.59,171.18,77.34
ORD-10036,1693,89,2025-07-23,12,53.38,576.5,185.39
ORD-10280,1694,23,2025-07-23,3,59.5,169.57,59.57
ORD-11214,1695,59,2025-07-23,3,87.29,235.68,76.85
ORD-10065,1696,3,2025-07-24,3,7.1,19.17,-2.73
ORD-10934,1697,7,2025-07-24,1,21.92,19.73,1.86
ORD-11400,1698,104,2025-07-24,1,279.65,251.68,74.13
ORD-10115,1699,89,2025-07-25,1,49.84,47.35,13.96
ORD-11977,1700,5,2025-07-25,1,271.05,243.95,71.07
ORD-10683,1701,4,2025-07-26,3,77.91,222.04,80.42
ORD-10913,1702,141,2025-07-26,9,109.79,741.08,132.9
ORD-11241,1703,16,2025-07-26,2,116.48,221.31,94.11
ORD-11525,1704,130,2025-07-26,8,5.71,41.11,-5.85
ORD-11923,1705,20,2025-07-26,1,56.01,42.01,2.77
ORD-10226,1706,44,2025-07-27,3,49.04,132.41,47.98
ORD-10477,1707,80,2025-07-27,5,15.17,56.89,6.16
ORD-10746,1708,6,2025-07-28,1,137.39,130.52,40.02
ORD-11095,1709,6,2025-07-29,1,95.66,95.66,28.01
ORD-11838,1710,34,2025-07-29,8,45.61,291.9,99.26
ORD-11118,1711,85,2025-07-31,1,27.82,26.43,1.99
ORD-11439,1712,14,2025-07-31,3,107.11,305.26,132.82
ORD-10770,1713,4,2025-08-01,5,81.71,326.84,79.98
ORD-11176,1714,89,2025-08-01,1,31.28,31.28,6.76
ORD-10310,1715,38,2025-08-02,1,8.78,8.78,-7.12
ORD-10397,1716,28,2025-08-02,1,115.18,109.42,34.29
ORD-11289,1717,5,2025-08-03,1,111.03,111.03,37.34
ORD-10627,1718,89,2025-08-04,5,39.06,166.0,47.11
ORD-10410,1719,3,2025-08-05,1,15.21,14.45,-5.02
ORD-11465,1720,38,2025-08-05,3,15.81,42.69,9.88
ORD-11264,1721,27,2025-08-06,3,41.55,118.42,36.61
ORD-11619,1722,85,2025-08-06,1,30.49,25.92,-3.04
ORD-10670,1723,109,2025-08-07,4,35.06,126.22,44.14
ORD-10118,1724,11,2025-08-09,6,46.59,279.54,120.46
ORD-11621,1725,11,2025-08-09,1,36.3,34.48,9.98
ORD-10985,1726,1,2025-08-10,2,139.35,250.83,86.29
ORD-11180,1727,14,2025-08-10,4,39.23,125.54,36.24
ORD-10763,1728,21,2025-08-11,3,20.38,55.03,13.41
ORD-11112,1729,58,2025-08-13,4,15.79,53.69,7.12
ORD-10369,1730,16,2025-08-16,5,79.7,338.72,117.75
ORD-10800,1731,11,2025-08-16,11,28.85,301.48,111.48
ORD-11420,1732,28,2025-08-16,4,141.99,567.96,240.47
ORD-11366,1733,27,2025-08-17,6,70.12,378.65,112.64
ORD-10393,1734,21,2025-08-18,2,8.94,16.09,1.38
ORD-11899,1735,109,2025-08-20,3,45.19,115.23,37.74
ORD-10028,1736,89,2025-08-21,6,37.48,179.9,43.54
ORD-11669,1737,38,2025-08-22,1,12.12,10.91,-0.88
ORD-10451,1738,14,2025-08-23,4,33.66,134.64,56.94
ORD-10221,1739,6,2025-08-24,10,85.05,850.5,314.14
ORD-11905,1740,1,2025-08-24,5,175.98,879.9,374.8
ORD-10781,1741,1,2025-08-25,13,161.29,1677.42,497.04
ORD-11354,1742,17,2025-08-25,1,377.92,377.92,138.06
ORD-10287,1743,21,2025-08-26,1,17.45,14.83,-2.96
ORD-10164,1744,2,2025-08-27,4,89.1,302.94,90.6
ORD-10739,1745,2,2025-08-27,9,162.84,1319.0,496.58
ORD-10307,1746,2,2025-08-28,2,67.73,115.14,30.46
ORD-10610,1747,23,2025-08-28,5,56.91,256.09,86.02
ORD-11971,1748,11,2025-08-28,1,20.71,18.64,1.04
ORD-10458,1749,6,2025-08-29,1,153.82,138.44,40.08
ORD-11140,1750,109,2025-08-29,8,75.6,544.32,227.22
ORD-10037,1751,141,2025-08-30,2,222.78,378.73,101.45
ORD-11894,1752,27,2025-08-31,7,80.08,504.5,152.09
ORD-10486,1753,44,2025-09-01,5,38.66,193.3,84.55
ORD-10351,1754,27,2025-09-02,3,95.44,286.32,100.34
ORD-10798,1755,76,2025-09-02,10,61.71,555.39,157.78
ORD-10965,1756,6,2025-09-02,2,161.02,322.04,117.99
ORD-11990,1757,32,2025-09-02,2,11.64,20.95,-2.86
ORD-10986,1758,80,2025-09-03,2,17.55,28.08,-0.57
ORD-11620,1759,23,2025-09-03,1,62.48,53.11,12.89
ORD-10771,1760,12,2025-09-05,5,5.25,26.25,2.3
ORD-11087,1761,5,2025-09-05,1,241.54,205.31,47.21
ORD-11075,1762,32,2025-09-06,3,7.54,22.62,2.02
ORD-10053,1763,6,2025-09-07,2,195.17,331.79,87.13
ORD-11086,1764,46,2025-09-07,4,37.45,142.31,42.49
ORD-10166,1765,4,2025-09-08,8,48.19,385.52,155.44
ORD-10185,1766,104,2025-09-08,2,293.43,528.17,163.09
ORD-10234,1767,28,2025-09-08,2,94.47,170.05,54.94
ORD-10145,1768,76,2025-09-09,3,40.83,116.37,27.01
ORD-10671,1769,8,2025-09-09,1,68.69,61.82,15.25
ORD-11794,1770,18,2025-09-09,2,396.83,714.29,225.31
ORD-10111,1771,58,2025-09-11,4,28.55,102.78,31.68
ORD-10643,1772,46,2025-09-11,1,52.17,41.74,5.54
ORD-11831,1773,24,2025-09-14,2,14.53,24.7,-0.51
ORD-10555,1774,2,2025-09-15,3,70.32,179.32,47.13
ORD-11046,1775,12,2025-09-15,3,9.7,27.64,0.75
ORD-11931,1776,24,2025-09-15,9,10.29,92.61,20.21
ORD-10133,1777,23,2025-09-16,1,39.87,39.87,9.56
ORD-10282,1778,44,2025-09-16,2,64.38,128.76,49.76
ORD-10290,1779,80,2025-09-16,1,42.67,34.14,7.09
ORD-10862,1780,5,2025-09-16,2,330.31,660.62,257.74
ORD-11715,1781,16,2025-09-16,1,105.62,95.06,32.52
ORD-11753,1782,59,2025-09-16,2,195.6,371.64,148.28
ORD-10047,1783,10,2025-09-17,6,64.16,327.22,85.2
ORD-10235,1784,10,2025-09-19,2,85.22,161.92,50.38
ORD-10386,1785,58,2025-09-19,1,9.94,7.95,-3.64
ORD-10501,1786,6,2025-09-19,1,167.52,167.52,56.52
ORD-10628,1787,5,2025-09-19,1,237.11,189.69,39.64
ORD-11748,1788,15,2025-09-19,6,20.04,108.22,40.18
ORD-10536,1789,5,2025-09-20,7,311.46,2180.22,860.28
ORD-10653,1790,85,2025-09-22,2,42.2,71.74,8.73
ORD-11721,1791,11,2025-09-22,8,15.3,110.16,39.19
ORD-10548,1792,10,2025-09-23,4,72.47,260.89,72.8
ORD-10940,1793,15,2025-09-23,12,9.02,102.83,27.54
ORD-11541,1794,104,2025-09-23,6,118.21,602.87,166.15
ORD-10313,1795,26,2025-09-24,1,15.04,15.04,-0.88
ORD-10319,156,32,2025-09-24,7,7.09,47.15,7.1
ORD-10269,1797,6,2025-09-25,1,103.88,98.69,26.44
ORD-10505,1798,32,2025-09-25,4,15.78,56.81,14.83
ORD-10960,1799,130,2025-09-25,4,10.63,40.39,10.11
ORD-11040,1800,16,2025-09-25,1,78.87,59.15,10.8
ORD-10552,1801,1,2025-09-26,2,153.3,291.27,114.39
ORD-10689,1802,1,2025-09-26,2,171.18,308.12,107.8
ORD-10972,1803,32,2025-09-26,3,11.89,26.75,-2.1
ORD-10170,1804,59,2025-09-27,10,198.45,1786.05,667.79
ORD-11044,1805,7,2025-09-27,7,13.33,83.98,31.41
ORD-10850,1806,24,2025-09-28,2,4.32,8.64,-4.65
ORD-11071,1807,4,2025-09-28,2,62.91,113.24,32.47
ORD-10195,1808,85,2025-09-29,4,41.86,150.7,38.46
ORD-10204,1809,28,2025-09-29,2,116.5,233.0,89.67
ORD-10542,1810,104,2025-09-29,3,190.05,513.14,154.01
ORD-10368,1811,10,2025-09-30,2,63.03,113.45,27.53
ORD-11945,1812,14,2025-09-30,4,55.18,176.58,51.88
ORD-10179,1813,59,2025-10-01,2,190.58,323.99,101.71
ORD-10299,1814,15,2025-10-01,5,14.09,66.93,21.53
ORD-11130,1815,48,2025-10-01,6,26.66,159.96,52.63
ORD-11984,1816,28,2025-10-01,2,109.17,207.42,73.66
ORD-11703,1817,46,2025-10-02,10,34.31,308.79,98.44
ORD-10918,1818,12,2025-10-03,4,5.4,20.52,0.2
ORD-11055,1819,8,2025-10-03,2,56.99,96.88,27.53
ORD-11567,1820,26,2025-10-03,2,18.13,34.45,8.62
ORD-10649,1821,8,2025-10-04,2,67.56,128.36,44.89
ORD-10238,1822,6,2025-10-05,1,128.66,122.23,35.09
ORD-10719,1823,141,2025-10-05,3,145.39,414.36,140.69
ORD-10890,1824,17,2025-10-05,2,301.44,572.74,203.12
ORD-11052,1825,18,2025-10-05,4,333.64,1267.83,456.85
ORD-11200,1826,23,2025-10-05,15,57.2,858.0,357.4
ORD-11081,1827,89,2025-10-07,9,60.42,543.78,232.24
ORD-11832,1828,7,2025-10-07,1,9.26,8.33,-6.55
ORD-10836,1829,24,2025-10-09,7,13.9,97.3,41.33
ORD-10981,1830,2,2025-10-09,1,81.9,73.71,17.73
ORD-11230,1831,27,2025-10-09,2,50.77,101.54,28.78
ORD-11975,1832,8,2025-10-09,6,35.76,203.83,68.85
ORD-10214,1833,141,2025-10-10,3,164.93,445.31,132.07
ORD-11024,1834,48,2025-10-10,1,31.71,25.37,-1.95
ORD-11096,1835,27,2025-10-10,2,70.85,127.53,29.71
ORD-11285,1836,46,2025-10-10,1,46.96,42.26,9.0
ORD-10068,1837,80,2025-10-11,3,35.09,89.48,21.09
ORD-10099,1838,48,2025-10-11,1,31.02,26.37,-2.68
ORD-10284,1839,44,2025-10-12,2,57.57,109.38,44.7
ORD-10930,1840,8,2025-10-12,4,66.82,267.28,100.38
ORD-11283,1841,44,2025-10-13,3,31.44,94.32,35.52
ORD-11051,1842,8,2025-10-14,1,32.7,32.7,3.79
ORD-11201,1843,21,2025-10-14,1,21.86,17.49,-3.57
ORD-11266,1844,38,2025-10-14,1,13.39,12.72,-3.24
ORD-11360,1845,14,2025-10-14,5,31.44,157.2,67.11
ORD-11842,1846,38,2025-10-14,4,5.03,19.11,-2.71
ORD-10097,1847,26,2025-10-15,3,7.81,23.43,1.04
ORD-11482,1848,27,2025-10-16,6,63.63,343.6,97.22
ORD-11752,1849,6,2025-10-16,4,107.74,387.86,110.71
ORD-10502,1850,26,2025-10-17,4,11.36,45.44,13.01
ORD-11192,1851,43,2025-10-17,2,31.6,53.72,12.01
ORD-11691,1852,4,2025-10-17,4,46.59,177.04,55.55
ORD-10733,1853,4,2025-10-18,2,40.18,80.36,25.85
ORD-10809,1854,48,2025-10-18,1,36.62,29.3,3.08
ORD-10125,1855,27,2025-10-19,5,38.24,172.08,47.71
ORD-10743,1856,44,2025-10-19,4,59.6,238.4,104.42
ORD-10175,1857,20,2025-10-20,6,40.46,242.76,103.04
ORD-11232,1858,26,2025-10-20,1,18.81,15.05,-5.19
ORD-10431,1859,21,2025-10-21,3,7.81,19.92,0.03
ORD-10729,1860,23,2025-10-21,11,61.28,606.67,219.29
ORD-11215,1861,14,2025-10-21,11,79.5,874.5,422.9
ORD-11197,351,76,2025-10-22,11,43.24,451.86,137.68
ORD-10216,1863,3,2025-10-23,1,12.72,11.45,-3.0
ORD-10731,1864,10,2025-10-24,8,98.63,749.59,250.6
ORD-10251,1865,15,2025-10-25,4,21.61,77.8,28.94
ORD-11679,1866,16,2025-10-25,2,82.5,140.25,49.1
ORD-10019,1867,58,2025-10-26,10,11.46,114.6,43.58
ORD-11773,1868,16,2025-10-26,7,147.88,983.4,447.81
ORD-11593,1869,1,2025-10-27,1,249.9,224.91,76.86
ORD-11605,1870,1,2025-10-27,8,47.09,339.05,111.24
ORD-11010,1871,7,2025-10-28,3,14.48,34.75,0.09
ORD-11334,1872,76,2025-10-28,5,44.91,179.64,32.94
ORD-11646,1873,21,2025-10-28,3,17.76,45.29,5.56
ORD-11500,1874,44,2025-10-29,1,40.55,34.47,2.66
ORD-11531,1875,18,2025-10-30,3,414.09,1118.04,359.57
ORD-11972,1876,14,2025-10-30,4,90.28,306.95,114.96
ORD-10566,1877,1,2025-10-31,2,217.52,391.54,143.77
ORD-11915,1878,109,2025-10-31,4,70.89,283.56,133.53
ORD-11125,1879,104,2025-11-01,2,178.05,356.1,130.79
ORD-11490,1880,5,2025-11-01,10,320.82,2566.56,614.64
ORD-11608,1881,14,2025-11-01,6,92.98,557.88,260.27
ORD-11119,1882,46,2025-11-02,2,61.98,105.37,29.43
ORD-11743,1883,7,2025-11-02,2,24.23,48.46,18.74
ORD-10858,1884,1,2025-11-03,5,248.6,932.25,231.47
ORD-11256,1885,17,2025-11-03,2,297.84,506.33,140.37
ORD-11940,1886,28,2025-11-03,6,110.54,596.92,211.02
ORD-11987,1887,48,2025-11-04,1,48.57,41.28,5.65
ORD-11474,1888,38,2025-11-05,7,12.96,90.72,27.85
ORD-10971,1889,76,2025-11-06,1,79.07,79.07,24.52
ORD-11413,1890,4,2025-11-06,2,41.12,82.24,21.86
ORD-11492,1891,24,2025-11-06,1,7.84,6.66,-3.83
ORD-11741,1892,10,2025-11-07,4,102.08,408.32,144.65
ORD-10139,1893,18,2025-11-08,1,165.86,157.57,47.6
ORD-11028,1894,16,2025-11-08,6,129.18,775.08,374.65
ORD-11543,1895,76,2025-11-08,5,72.91,346.32,109.53
ORD-11674,1896,44,2025-11-08,3,53.65,152.9,58.97
ORD-11926,1897,104,2025-11-08,1,272.64,245.38,72.68
ORD-10839,1898,1,2025-11-09,2,166.68,283.36,88.49
ORD-11556,1899,5,2025-11-09,3,263.77,751.74,268.3
ORD-11145,1900,27,2025-11-10,4,78.41,313.64,115.22
ORD-11348,1901,130,2025-11-11,5,6.76,28.73,-4.48
ORD-11970,1902,12,2025-11-11,2,7.54,15.08,2.12
ORD-10831,1903,15,2025-11-12,4,21.32,68.22,15.81
ORD-10565,1904,15,2025-11-13,4,13.79,55.16,16.22
ORD-10678,1036,3,2025-11-13,2,14.04,23.87,3.71
ORD-10758,1906,24,2025-11-14,1,13.54,12.86,-1.39
ORD-11787,1907,23,2025-11-15,3,73.82,210.39,76.6
ORD-10086,1908,130,2025-11-17,9,9.04,81.36,19.15
ORD-10682,1909,26,2025-11-17,3,8.0,22.8,-0.01
ORD-11102,1910,89,2025-11-17,7,41.83,278.17,106.33
ORD-11407,1911,7,2025-11-17,3,17.07,35.85,0.61
ORD-10303,1912,8,2025-11-18,9,34.21,292.5,109.53
ORD-10773,1913,34,2025-11-18,4,71.05,241.57,87.62
ORD-10902,1914,141,2025-11-18,1,198.02,178.22,49.48
ORD-11222,1915,104,2025-11-18,2,280.54,392.76,49.64
ORD-10062,1916,16,2025-11-19,3,112.34,320.17,139.03
ORD-11274,1917,141,2025-11-19,2,188.36,376.72,137.34
ORD-11131,1918,48,2025-11-20,2,23.95,45.5,11.8
ORD-11367,1919,11,2025-11-20,2,25.11,47.71,9.75
ORD-11896,1920,130,2025-11-20,2,7.1,12.78,-4.4
ORD-10749,1921,15,2025-11-21,7,12.82,85.25,19.63
ORD-10414,1922,26,2025-11-23,1,8.87,8.43,-6.79
ORD-10921,1923,10,2025-11-24,11,121.0,1197.9,373.88
ORD-11805,1924,85,2025-11-24,1,24.61,20.92,-3.93
ORD-10013,1925,141,2025-11-25,2,118.2,212.76,60.0
ORD-10333,1926,8,2025-11-26,3,75.55,192.65,56.14
ORD-11183,1927,89,2025-11-26,4,23.57,84.85,16.1
ORD-11710,1928,16,2025-11-26,1,45.56,45.56,11.62
ORD-10130,1929,46,2025-11-27,8,27.29,207.4,57.16
ORD-10593,1930,85,2025-11-27,1,38.28,34.45,3.89
ORD-10060,1931,12,2025-11-28,3,4.27,11.53,-7.68
ORD-10190,1932,32,2025-11-28,2,9.87,18.75,1.15
ORD-11163,1933,130,2025-11-28,6,10.63,63.78,17.41
ORD-10933,1934,21,2025-11-29,2,13.2,25.08,3.53
ORD-11172,1935,48,2025-11-29,13,31.37,367.03,104.1
ORD-10957,1936,76,2025-11-30,1,66.79,60.11,11.22
ORD-11123,1937,32,2025-12-01,1,17.12,14.55,-3.52
ORD-11889,1938,18,2025-12-01,12,189.49,1932.8,533.66
ORD-10472,1939,16,2025-12-02,10,72.25,686.38,312.49
ORD-11151,1940,38,2025-12-02,3,12.71,34.32,7.35
ORD-11843,1941,85,2025-12-02,4,34.17,123.01,22.14
ORD-11927,1942,26,2025-12-02,2,12.44,22.39,-0.55
ORD-11648,1943,27,2025-12-03,1,41.13,39.07,1.38
ORD-10518,1944,32,2025-12-04,8,19.35,154.8,57.99
ORD-11251,1945,20,2025-12-04,2,41.19,82.38,31.84
ORD-10327,1946,1,2025-12-06,1,121.88,103.6,26.25
ORD-10572,1947,4,2025-12-06,2,48.3,96.6,33.36
ORD-10864,1948,85,2025-12-06,1,40.37,38.35,1.26
ORD-11604,1949,26,2025-12-06,1,9.95,8.96,-1.25
ORD-11933,1950,58,2025-12-06,3,26.38,71.23,15.21
ORD-10276,1951,20,2025-12-07,2,46.65,93.3,38.66
ORD-10353,1952,80,2025-12-07,3,28.76,86.28,29.11
ORD-11374,1953,1,2025-12-07,4,128.26,410.43,118.74
ORD-11779,1954,38,2025-12-07,1,11.64,9.89,-6.15
ORD-10352,1955,15,2025-12-08,2,13.26,23.87,-3.28
ORD-11596,1956,85,2025-12-08,4,56.46,225.84,69.67
ORD-10173,1957,2,2025-12-09,2,130.57,248.08,95.27
ORD-10272,1958,6,2025-12-09,7,107.98,718.07,251.41
ORD-10888,241,48,2025-12-09,1,45.07,42.82,8.61
ORD-11404,1960,28,2025-12-10,1,87.05,65.29,5.13
ORD-11693,1961,6,2025-12-10,3,194.57,583.71,219.68
ORD-10922,1962,17,2025-12-11,1,416.05,332.84,75.03
ORD-10963,1963,59,2025-12-11,1,98.02,73.52,13.05
ORD-10155,1964,85,2025-12-12,3,18.51,55.53,8.42
ORD-11255,1965,21,2025-12-14,7,12.44,69.66,14.17
ORD-10096,1966,7,2025-12-15,12,11.75,141.0,57.64
ORD-10760,1967,141,2025-12-15,3,242.14,617.46,166.57
ORD-11898,1968,24,2025-12-15,1,9.32,9.32,-1.1
ORD-10723,1969,12,2025-12-16,4,6.29,22.64,-2.84
ORD-10943,1970,3,2025-12-16,2,14.78,29.56,3.77
ORD-11342,1971,6,2025-12-16,5,183.87,827.42,261.25
ORD-10142,1972,48,2025-12-17,1,52.93,52.93,15.69
ORD-10186,1973,59,2025-12-17,5,68.79,343.95,134.01
ORD-11009,1974,46,2025-12-18,10,26.45,264.5,95.32
ORD-11254,1975,44,2025-12-19,3,54.8,147.96,55.63
ORD-11692,1976,10,2025-12-19,2,46.63,88.6,21.37
ORD-10268,1977,1,2025-12-21,1,223.52,178.82,47.69
ORD-11168,1978,11,2025-12-21,1,63.87,51.1,13.02
ORD-10378,1979,59,2025-12-22,2,130.39,221.66,67.62
ORD-11034,1980,28,2025-12-22,1,85.33,85.33,25.91
ORD-10077,1981,76,2025-12-23,2,70.68,120.16,25.41
ORD-10938,1982,16,2025-12-23,5,55.45,235.66,80.55
ORD-11286,1983,38,2025-12-23,2,9.45,16.06,-1.76
ORD-11409,1984,2,2025-12-24,1,83.9,71.31,14.04
ORD-11612,1985,43,2025-12-24,4,30.28,121.12,43.67
ORD-10577,1986,1,2025-12-25,1,101.37,86.16,17.23
ORD-11570,1987,14,2025-12-25,5,88.14,396.63,160.9
ORD-10592,1988,15,2025-12-27,1,23.01,21.86,4.66
ORD-10419,1989,89,2025-12-28,1,48.39,41.13,5.62
ORD-10766,1990,16,2025-12-28,1,77.11,73.25,22.54
ORD-10372,1991,11,2025-12-29,7,61.68,388.58,148.24
ORD-10675,1992,10,2025-12-29,2,84.14,134.62,18.66
ORD-10188,1993,104,2025-12-30,5,204.17,969.81,338.84
ORD-11353,1994,32,2025-12-30,1,15.08,13.57,-4.29
ORD-11814,1995,141,2025-12-30,1,177.9,160.11,43.14
ORD-10823,1996,10,2025-12-31,5,104.73,523.65,190.36
ORD-10896,1997,44,2025-12-31,11,59.27,619.37,272.44
ORD-11148,1998,4,2025-12-31,6,31.79,162.13,42.03
ORD-11519,1999,58,2025-12-31,5,9.5,45.12,7.12
ORD-11701,2000,58,2025-12-31,11,28.27,310.97,119.26
